scenario,option_type,scheme,method,n_paths,n_reps,mean_price,exact_price,bias,var_across_reps,rmse,mean_std_error,mean_runtime_sec,efficiency,ci_coverage
asian_30d,call,exact,antithetic,256,20,6.760454329258482,6.707837057424136,0.052617271834345836,0.50984468913282,0.7159701574982783,0.6008209257304323,0.0017875786000331004,1097.2281808552707,0.95
asian_30d,call,exact,antithetic,1024,20,6.820643216756833,6.707837057424136,0.11280615933269722,0.04696886665121449,0.24432375290709735,0.3044766798031955,0.006492209799944195,3279.4225091811054,0.95
asian_30d,call,exact,antithetic,4096,20,6.70001342110586,6.707837057424136,-0.007823636318276428,0.03334807955830702,0.18278208020357925,0.15212515966990817,0.03188632649980714,940.4261185837742,0.95
asian_30d,call,exact,antithetic,16384,20,6.72716501059391,6.707837057424136,0.01932795316977387,0.010754399583529107,0.10548919071289758,0.07648230971148012,0.11520770214992807,807.1092350802925,0.85
asian_30d,call,exact,antithetic,65536,20,6.698391040416913,6.707837057424136,-0.009446017007222807,0.0008818551749649531,0.03116219524144112,0.038127759660097585,0.46530644469994514,2437.04565062416,0.95
asian_30d,call,exact,plain,256,20,7.035752425261082,6.707837057424136,0.32791536783694575,0.31397391664331914,0.6492321657981516,0.7548844531233178,0.002094343199769315,1520.7526378400908,1.0
asian_30d,call,exact,plain,1024,20,6.6529721692390185,6.707837057424136,-0.0548648881851177,0.07755785013920628,0.2838450388764471,0.3669388149218046,0.007997107399933109,1612.2831280080234,1.0
asian_30d,call,exact,plain,4096,20,6.680755998179977,6.707837057424136,-0.027081059244158823,0.031046753464480336,0.17826984387233297,0.18431199842087784,0.03228267310005316,997.7329582444462,0.95
asian_30d,call,exact,plain,16384,20,6.708350956843395,6.707837057424136,0.0005138994192588342,0.006899750025326998,0.08306632360915049,0.09266381423667681,0.13979817255003577,1036.7287657923707,1.0
asian_30d,call,exact,plain,65536,20,6.7259795384069205,6.707837057424136,0.01814248098278437,0.0020311388997251213,0.048582800618488575,0.046387848795524225,0.5599770161000379,879.2050506548077,0.95
paper_asian_geo,call,exact,antithetic,256,20,2.956808365898715,3.000200360178781,-0.043391994280066015,0.09799249022076506,0.3160306241305838,0.3058583783424773,0.0021449437499540596,4757.636947662426,0.9
paper_asian_geo,call,exact,antithetic,1024,20,3.017766721635365,3.000200360178781,0.01756636145658419,0.03812624860071565,0.1960480187493335,0.15854439833976358,0.0077846280000812285,3369.2874217488734,0.85
paper_asian_geo,call,exact,antithetic,4096,20,2.982985228311706,3.000200360178781,-0.017215131867074795,0.005502904381378712,0.07615290635674705,0.07879045912641061,0.037191957550203325,4886.06225256843,0.95
paper_asian_geo,call,exact,antithetic,16384,20,2.999588012000097,3.000200360178781,-0.0006123481786839413,0.0018408720673225448,0.042909754574158104,0.03936257789908165,0.13516617150016827,4018.910911965785,0.9
paper_asian_geo,call,exact,antithetic,65536,20,2.999486407103976,3.000200360178781,-0.0007139530748050404,0.000357765016876053,0.018928146921161525,0.019721648385494193,0.5544859803498184,5040.940346934736,0.95
paper_asian_geo,call,exact,plain,256,20,3.1520654015845926,3.000200360178781,0.15186504140581158,0.13870340748447935,0.4022019371978064,0.3780475685796923,0.0026294395500371546,2741.887796605342,1.0
paper_asian_geo,call,exact,plain,1024,20,3.0172494261155816,3.000200360178781,0.017049065936800556,0.03893207823319705,0.1980473400036325,0.1835162772765338,0.01100338980013471,2334.349687630037,0.9
paper_asian_geo,call,exact,plain,4096,20,3.0039439563232846,3.000200360178781,0.0037435961445035915,0.003700554857432589,0.0609472671210591,0.0918666261752175,0.037936786099999106,7123.158654200384,1.0
paper_asian_geo,call,exact,plain,16384,20,3.005716938227475,3.000200360178781,0.0055165780486938765,0.002180919854010048,0.047025019801988165,0.045890091064083385,0.16497458029998593,2779.3501365719667,0.9
paper_asian_geo,call,exact,plain,65536,20,2.9916047614688983,3.000200360178781,-0.00859559870988269,0.0006232118114285614,0.026402578067489895,0.022882483339015696,0.6497001694498976,2469.740617625155,0.9
paper_asian_geo,put,exact,antithetic,256,20,6.678876589411685,6.707761816058606,-0.028885226646921502,0.056072358788911696,0.23855128401950745,0.232584139104168,0.002129607999904645,8374.357647015271,0.95
paper_asian_geo,put,exact,antithetic,1024,20,6.692732405744533,6.707761816058606,-0.015029410314072678,0.009405734662773058,0.09814080617746021,0.11837724284412092,0.007791600950076775,13645.221034404476,0.95
paper_asian_geo,put,exact,antithetic,4096,20,6.728632116629297,6.707761816058606,0.020870300570690503,0.002997733189910542,0.05859439082217261,0.05878945800148705,0.03722257365006949,8961.91098211407,0.95
paper_asian_geo,put,exact,antithetic,16384,20,6.7018078301981205,6.707761816058606,-0.005953985860485567,0.0004945035615190859,0.023020719127471844,0.029431599900292066,0.13526964969996694,14949.621969597112,0.95
paper_asian_geo,put,exact,antithetic,65536,20,6.705645108584912,6.707761816058606,-0.0021167074736938574,0.00019476217911910902,0.014115333139827074,0.014736693468091847,0.5612545610001689,9148.196650121472,0.95
paper_asian_geo,put,exact,plain,256,20,6.689078298378936,6.707761816058606,-0.018683517679670025,0.2168164654041441,0.4660102351204645,0.4616345339703211,0.0024011427502955,1920.8336699035422,0.9
paper_asian_geo,put,exact,plain,1024,20,6.697326089017349,6.707761816058606,-0.010435727041256726,0.04244850030384849,0.20629446115377917,0.23447714419232332,0.009358765799970522,2517.2078030592857,1.0
paper_asian_geo,put,exact,plain,4096,20,6.685464808130611,6.707761816058606,-0.02229700792799516,0.011571405588386263,0.10985700774610303,0.11615630377611333,0.03767857994980656,2293.608858078889,0.9
paper_asian_geo,put,exact,plain,16384,20,6.716344529035965,6.707761816058606,0.008582712977358575,0.0025462116255685965,0.05118471048682718,0.05821088868839498,0.16234141684972198,2419.2244958061974,1.0
paper_asian_geo,put,exact,plain,65536,20,6.713954854344476,6.707761816058606,0.006193038285870145,0.000750917662986281,0.028093974197263984,0.029128827356224435,0.6525850620998426,2040.6595300327724,1.0
paper_barrier,call,euler_maruyama,antithetic,256,20,6.96602587974194,7.1055282627933245,-0.13950238305138463,0.3277675853939435,0.5892609780657113,0.6381813511725777,0.001374410600328655,2219.818682419195,0.95
paper_barrier,call,euler_maruyama,antithetic,1024,20,7.125271114896225,7.1055282627933245,0.019742852102900166,0.12214395467610879,0.35004818937578547,0.3240984103823007,0.004857702449862654,1685.3771965946755,0.9
paper_barrier,call,euler_maruyama,antithetic,4096,20,7.1121260774748905,7.1055282627933245,0.00659781468156595,0.025394762161858136,0.1594938660902996,0.16283618216075965,0.024963991649838094,1577.3999459857484,0.95
paper_barrier,call,euler_maruyama,antithetic,16384,20,7.084020697253942,7.1055282627933245,-0.021507565539382156,0.008083023078670292,0.09244240614621144,0.08080085884172333,0.0887186695999844,1394.4763738839742,0.95
paper_barrier,call,euler_maruyama,antithetic,65536,20,7.089994025738832,7.1055282627933245,-0.015534237054492195,0.0022344107049145044,0.04975664001698329,0.040355955845207216,0.35934386660028395,1245.4513279787384,0.95
paper_barrier,call,euler_maruyama,plain,256,20,7.1129309728969,7.1055282627933245,0.007402710103575849,0.3493695937848522,0.5911213021890936,0.7679434077674832,0.0016419701501035398,1743.2097142307593,1.0
paper_barrier,call,euler_maruyama,plain,1024,20,7.2540447885224975,7.1055282627933245,0.14851652572917295,0.17798034504893806,0.4472555236814881,0.3935937835461566,0.00633580019994037,886.8016292177538,0.9
paper_barrier,call,euler_maruyama,plain,4096,20,7.188360499804892,7.1055282627933245,0.0828322370115675,0.022731242359250545,0.17202448037297202,0.19820843306954447,0.02594464454987242,1695.6222333290923,1.0
paper_barrier,call,euler_maruyama,plain,16384,20,7.08092130612633,7.1055282627933245,-0.02460695666699486,0.0061786364391824096,0.08236588344450493,0.09790701242055778,0.11395243114993714,1420.3120231220014,1.0
paper_barrier,call,euler_maruyama,plain,65536,20,7.099688824639394,7.1055282627933245,-0.005839438153930843,0.0015659310086247147,0.040000375580465465,0.048974266782747085,0.4570322077001038,1397.2707552309832,1.0
paper_barrier,call,exact,antithetic,256,20,6.96207552335107,7.1055282627933245,-0.1434527394422549,0.32817796479353417,0.5905562236121313,0.6389022281899058,0.0017845797498011497,1707.4760549708312,0.95
paper_barrier,call,exact,antithetic,1024,20,7.12510797661277,7.1055282627933245,0.019579713819445566,0.12277121941178892,0.3509338749751017,0.32442605608193814,0.0064099834999069155,1270.7102086016612,0.9
paper_barrier,call,exact,antithetic,4096,20,7.113823447127535,7.1055282627933245,0.008295184334210504,0.025410601005372787,0.15962271482627816,0.16296480142233322,0.03135817820002553,1254.9725865133962,0.95
paper_barrier,call,exact,antithetic,16384,20,7.084363050646718,7.1055282627933245,-0.021165212146606827,0.008102075299865176,0.09246643447800965,0.08087438962476627,0.11402032035011866,1082.4839554880828,0.95
paper_barrier,call,exact,antithetic,65536,20,7.090591872779027,7.1055282627933245,-0.014936390014297807,0.0022314349039339034,0.049543220026489185,0.04039231648497122,0.46103804394997494,972.0285343071711,0.95
paper_barrier,call,exact,plain,256,20,7.113454360222507,7.1055282627933245,0.007926097429182377,0.35352733944434295,0.5946344780323454,0.7681592455815036,0.0021714638498451155,1302.6399447068404,1.0
paper_barrier,call,exact,plain,1024,20,7.253937320184571,7.1055282627933245,0.14840905739124644,0.1790242145163339,0.4483853954268495,0.3938013915966967,0.009644795649728565,579.1555102360448,0.9
paper_barrier,call,exact,plain,4096,20,7.189766949819779,7.1055282627933245,0.08423868702645443,0.023011171125836172,0.17351463199908276,0.19834136827476048,0.03577750290005492,1214.6502734582857,1.0
paper_barrier,call,exact,plain,16384,20,7.08109580375734,7.1055282627933245,-0.024432459035984344,0.00619377145656887,0.08240580386789466,0.09796668806140539,0.144467407600041,1117.5705376936412,1.0
paper_barrier,call,exact,plain,65536,20,7.100448973326435,7.1055282627933245,-0.005079289466889847,0.001572685217793497,0.039981050502481234,0.04900549262377832,0.5557231533499362,1144.1940997173222,1.0
paper_barrier,call,milstein,antithetic,256,20,6.961053155794265,7.1055282627933245,-0.1444751069990593,0.328102215787586,0.5907412905240125,0.6388067187295778,0.0015012405501692648,2030.2080711331353,0.95
paper_barrier,call,milstein,antithetic,1024,20,7.123877118748456,7.1055282627933245,0.01834885595513125,0.12260783297735896,0.3506344442467413,0.3243846378824383,0.005427205599971735,1502.814957859405,0.9
paper_barrier,call,milstein,antithetic,4096,20,7.112719984652462,7.1055282627933245,0.007191721859137523,0.02541426756143602,0.1595806643197578,0.16294220241519283,0.028286277950064647,1391.0623539932255,0.95
paper_barrier,call,milstein,antithetic,16384,20,7.083343803011857,7.1055282627933245,-0.022184459781467325,0.008101298094146303,0.09270085409499658,0.08086232799031594,0.10749803099979541,1148.2722719766225,0.95
paper_barrier,call,milstein,antithetic,65536,20,7.089542912229892,7.1055282627933245,-0.0159853505634322,0.0022306785501425438,0.04986190913691899,0.04038643023974563,0.4293504170500455,1044.1216949898283,0.95
paper_barrier,call,milstein,plain,256,20,7.112417761999528,7.1055282627933245,0.006889499206203631,0.3534239605099261,0.5945346295290447,0.7680464236825608,0.001766707749811705,1601.5455555176886,1.0
paper_barrier,call,milstein,plain,1024,20,7.252890198544726,7.1055282627933245,0.14736193575140177,0.1789750237855296,0.44798500409492487,0.39374360013837995,0.006911293900066036,808.4407748101434,0.9
paper_barrier,call,milstein,plain,4096,20,7.188717078305878,7.1055282627933245,0.0831888155125533,0.023003835904474235,0.1729861697675738,0.19831223927822914,0.032885260750208506,1321.8995334025653,1.0
paper_barrier,call,milstein,plain,16384,20,7.080085317095301,7.1055282627933245,-0.025442945698023856,0.006189639980261693,0.08268605363696035,0.09795229041190766,0.12918615049993604,1250.6006603229596,1.0
paper_barrier,call,milstein,plain,65536,20,7.099416955906794,7.1055282627933245,-0.006111306886530166,0.0015720149178245159,0.04011686664840447,0.04899827640713548,0.5068675479499689,1255.0148089779625,1.0
