scenario,n_paths,n_reps,plain_mean_price,control_mean_price,control_mean_se,plain_mean_std_error,control_mean_std_error,rho,b_hat,pilot_paths,observed_within_vrf,theoretical_vrf,across_replicate_vrf,plain_over_control_time,within_run_efficiency_ratio,bootstrap_efficiency_ratio,bootstrap_efficiency_ci_low,bootstrap_efficiency_ci_high
asian_arith,256,20,3.1698238699806147,3.16699346240805,0.0027796062243917482,0.3824170472264923,0.012653510023291353,0.9994729902242157,1.0458957229354224,256,999.3673014929063,1052.2929581594726,1526.2890900585205,0.07052388417018403,70.4792638139551,107.63983499750267,39.76062794370626,369.9669799156871
asian_arith,1024,20,3.1424833290439578,3.1633772900588144,0.0014398650353916566,0.1902021747677916,0.006165818506082595,0.9995005647909065,1.0432231026318353,256,989.47607840877,1026.7795096472387,565.9581117447765,0.12472524848092117,123.41264974546128,70.58926611716022,31.197540660835685,155.05406112961163
asian_arith,4096,20,3.1575724508270824,3.161759276278546,0.0008477783311680514,0.0959631972025299,0.0030665390144009193,0.9994940902519817,1.046200540975963,410,981.3563895091131,996.8602935087404,509.9807228829682,0.1438362730954866,141.15464564543353,73.35372653002828,30.65659089777068,146.45864003213947
asian_arith,16384,20,3.1614047810425667,3.1625001377981876,0.00037854126369932673,0.04794438849716776,0.0015356275469617952,0.9994932016016456,1.0457125347583172,1639,984.4026785451433,989.0984611320816,591.3073652981768,0.2851949559313331,280.7466785263684,168.6378779880862,70.21356740892402,378.0741396292663
asian_arith,65536,20,3.1644179415826112,3.162776229085893,0.00018407709235323985,0.024023540342629896,0.0007676948142196,0.9994876833043914,1.045680952721903,6554,975.732469803821,976.5700458301856,606.0117177442095,0.6691402550153054,652.9018736712426,405.50683535362356,169.63257125454484,991.7511911292506
deep_barrier,256,20,3.247980634084584,3.356199589339559,0.05522682133233072,0.7038755371706058,0.4050674963794452,0.8176581981447869,0.7576361647388599,256,3.0142252460837557,3.1068949815046474,5.415241290508841,0.4291237633149832,1.2934756810784926,2.32380872184184,1.1170897118651903,6.582936685185934
deep_barrier,1024,20,3.3040896418010597,3.4548612900051276,0.04859490019073682,0.3536052317453941,0.20459921519342927,0.8379164537854047,0.7345429084290065,256,3.285558939293277,3.387469628343143,3.8039664911626176,0.7547196957576093,2.4796760430571156,2.870928432882391,1.0972107154587365,6.26706726564398
deep_barrier,4096,20,3.297306382978608,3.407916840063719,0.019316316841332674,0.17734307198727234,0.10094041150797606,0.8329803219436865,0.7730174195433762,410,3.2333231152125164,3.2758968466942164,5.336223238594013,0.85027865885656,2.7492256420528127,4.5372767386709265,2.4419162922105904,9.078610231612819
deep_barrier,16384,20,3.346744935523737,3.382799002639852,0.0074857783728995275,0.08933372126445532,0.050140827258346676,0.8299357072463147,0.7670668541596586,1639,3.2070047370059163,3.2145429632432383,5.187471361355288,0.870874934568998,2.792900040502494,4.517638782398838,1.9988654268361545,10.075019008421444
deep_barrier,65536,20,3.378081266373016,3.379101816716986,0.0054072784072550836,0.044939855549096894,0.02502557734894339,0.830485393435983,0.7631750005536309,6554,3.2215271877185883,3.223354106384801,5.687055477242777,0.8974843369431431,2.8912701920139257,5.104043214152105,1.8453685219064262,14.770123650089465
paper_barrier,256,20,7.308974083088424,7.096475260651277,0.0038649641088923607,0.7885148800639177,0.017064390015419463,0.9997140200181184,1.000877833170544,256,8576.807747740046,8786.21007646093,2408.3532464843547,2.321868068359368,19914.216037934842,5591.878500341641,2385.6465957872197,12003.969238447571
paper_barrier,1024,20,7.113360908649051,7.091448849096681,0.0019551798258371825,0.38869243411841536,0.010461893774189603,0.9996128023571524,1.0010157626249785,256,1449.1392722025262,1449.9577521982299,1887.6220854264343,2.993199627256792,4337.56312939978,5650.029722500092,2811.2861222098713,11418.967281297077
paper_barrier,4096,20,7.1280251227871405,7.094409011923171,0.0009193095852110976,0.1965046048238219,0.004977103422010415,0.9996745702859726,1.0009714904035893,410,1584.7750247928054,1585.3103246642108,2673.701340236394,3.870152439326161,6133.320927985053,10347.631763945506,4690.285090602242,23071.538864073307
paper_barrier,16384,20,7.086021936904588,7.094400555691985,0.000621034994876408,0.09791499622538315,0.002493889740308115,0.9996730233018128,1.0008888430735865,1639,1543.4485015852085,1543.5325844370225,619.2953384831624,3.7211677620565533,5743.430806493371,2304.501848755445,1070.0608178961381,5037.91417144641
paper_barrier,65536,20,7.0889357807212905,7.0941891431518425,0.00024878580810737356,0.04899739578205588,0.001247043127465455,0.9996750608628618,1.0008793840797408,6554,1542.387564476728,1542.3955134541038,1365.6063048022675,2.567914322911125,3960.719118299796,3506.759989559478,1691.4820439194157,7047.138881963075
