scenario,option_type,scheme,method,n_paths,n_reps,mean_price,exact_price,bias,var_across_reps,rmse,mean_std_error,mean_runtime_sec,efficiency,ci_coverage,vrf,vrf_ci_low,vrf_ci_high,time_ratio,vrf_within_run,eff,eff_ci_low,eff_ci_high,eff_vs_antithetic,eff_vs_antithetic_ci_low,eff_vs_antithetic_ci_high,within_run_eff
deep_barrier,call,exact,antithetic,256,20,3.4709636977398772,3.3857296361568414,0.08523406158303581,0.48835821256646056,0.7040050126386894,0.6893299431281505,0.001799614989431525,1137.8418486715736,0.95,1.2722056317772132,0.5035544584967898,3.214165106108332,1.4159215036384287,1.1888639793062303,0.8985001135360149,0.2671082683773775,2.4726336508390556,1.0,1.0,1.0,0.8396397513924755
deep_barrier,call,exact,antithetic,1024,20,3.3443821872453348,3.3857296361568414,-0.04134744891150666,0.08958133055731651,0.30214390956762005,0.34106339194064267,0.005434144992614109,2054.2404150298194,0.95,1.297710706048189,0.513649677023295,3.278602424811247,0.7523046843775372,1.0970823627003674,1.7249802280866098,0.717921476379259,4.265592277677386,1.0,1.0,1.0,1.4582952698321985
deep_barrier,call,exact,antithetic,4096,20,3.3439426024649266,3.3857296361568414,-0.04178703369191483,0.05135742454592292,0.23044214182890277,0.17028771500744566,0.0229703249991871,847.6754847891456,0.85,0.7434748201791337,0.2942763741411127,1.8783526535342443,0.8086862658973172,1.1236456566115174,0.9193612548299864,0.4060173911467381,2.1924234248262398,1.0,1.0,1.0,1.3894704337098167
deep_barrier,call,exact,antithetic,16384,20,3.3941814341898393,3.3857296361568414,0.008451798032997893,0.010199259176183287,0.10134442296532095,0.08606449804320855,0.09545244999462735,1027.1746484898629,0.9,0.6636246108314906,0.26267069033924356,1.676615017581392,0.9269557693337924,1.094721945292751,0.7159183132421094,0.330868923394937,1.520462677607874,1.0,1.0,1.0,1.1809861716266494
deep_barrier,call,exact,antithetic,65536,20,3.371310350309989,3.3857296361568414,-0.014419285846852592,0.0020617605741791844,0.04764112066809961,0.042920825305288415,0.373530450015096,1298.4814757427046,0.9,0.9031624513468904,0.35748268028596425,2.2817956183790837,0.9044272864754586,1.1063416692127535,0.9986015071112048,0.26147749719843266,3.0035032989590813,1.0,1.0,1.0,1.2232510957560254
deep_barrier,call,exact,importance,256,20,3.455781826460389,3.3857296361568414,0.07005219030354759,0.044673945536307304,0.22266848655036875,0.23244626260313722,0.06395424498477946,350.0066641118371,0.95,13.907257594849543,5.504661661941294,35.136003934034875,50.31864662980734,10.57608417916902,0.276383776717303,0.0894335781121719,0.6962142185837488,0.3076057226410407,0.11598212427563806,0.7727779795920826,0.2101822065481397
deep_barrier,call,exact,importance,1024,20,3.4054508932226355,3.3857296361568414,0.019721257065794084,0.016117518070132116,0.1284774145536376,0.11529384759052883,0.06839263500878583,907.1779753728151,0.95,7.212689399225752,2.8548701672220607,18.22250586629113,9.468297177194302,9.618177577435223,0.7617726043283166,0.27497287673172716,2.370283361797897,0.44161236860859177,0.16291358488206448,1.308809309405425,1.0158297101829386
deep_barrier,call,exact,importance,4096,20,3.3998746318530912,3.3857296361568414,0.014144995696249829,0.00311120965154957,0.057543814218354486,0.05737738345987682,0.08233000999898646,3904.0246796868687,0.95,12.272702985517563,4.857685072130273,31.006381915301812,2.898485256944572,9.908391575777365,4.234178164651005,1.6280847749083749,13.714703500605424,4.60556515994794,1.7202884642755887,15.29500095734123,3.4184723044692187
deep_barrier,call,exact,importance,16384,20,3.3790899768006293,3.3857296361568414,-0.006639659356212135,0.0005001005013819552,0.0233277855303175,0.028689253566897298,0.1775769849948119,11260.457402847464,1.0,13.534238383805718,5.357016122466929,34.193589200050205,1.724481778635396,9.854068267746921,7.848293064897171,3.4564262692258634,17.197902986883452,10.962553855279063,5.385270618827776,24.245770931483534,5.7142199992072795
deep_barrier,call,exact,importance,65536,20,3.388085655095403,3.3857296361568414,0.0023560189385616326,0.00016836192288426083,0.013187598269704833,0.014361793798915671,0.5184314099838957,11456.839173501245,1.0,11.060129881898145,4.377733893382643,27.942875465629434,1.2552752080491192,9.8817604232191,8.810920355136465,2.2941347004671995,22.835224789913195,8.82325962097239,3.5324562771038686,18.722942026206855,7.872186401718869
deep_barrier,call,exact,plain,256,20,3.5225530928898054,3.3857296361568414,0.13682345673296403,0.6212920683517046,0.8000079541254961,0.7493561325676621,0.0012709849979727949,1266.3791929793285,0.9,1.0,0.3958121595432235,2.5264509335792593,1.0,1.0,1.0,1.0,1.0,1.1129659138990378,0.4121320875789216,3.4401377770943533,1.0
deep_barrier,call,exact,plain,1024,20,3.3926181492763794,3.3857296361568414,0.006888513119537976,0.11625065172627141,0.3410250772879752,0.3570231003696088,0.007223329995758784,1190.8776585273868,0.95,1.0,0.3958121595432235,2.5264509335792593,1.0,1.0,1.0,1.0,1.0,0.5797167896290756,0.2350230199135205,1.3841368798102553,1.0
deep_barrier,call,exact,plain,4096,20,3.418963407566659,3.3857296361568414,0.033233771409817425,0.03818295197914347,0.1982105838275632,0.18054235971768473,0.028404495003633158,922.0265486888532,0.9,1.0,0.3958121595432235,2.5264509335792593,1.0,1.0,1.0,1.0,1.0,1.0877117071731783,0.4355395475725266,2.5479814782950734,1.0
deep_barrier,call,exact,plain,16384,20,3.3874113389685454,3.3857296361568414,0.001681702811703989,0.006768479401564143,0.08228795492604635,0.09005153136447706,0.1029741150035988,1434.7651533569483,1.0,1.0,0.3958121595432235,2.5264509335792593,1.0,1.0,1.0,1.0,1.0,1.3968074031678246,0.6462391318549687,3.175324129455325,1.0
deep_barrier,call,exact,plain,65536,20,3.4106596097606996,3.3857296361568414,0.02492997360385818,0.0018621047342660445,0.049835813609843974,0.04514589170473403,0.41300219000549987,1300.2999359564405,0.95,1.0,0.3958121595432235,2.5264509335792593,1.0,1.0,1.0,1.0,1.0,1.0014004514101333,0.32483397247222456,3.875595016261976,1.0
paper_barrier,call,exact,antithetic,256,20,6.899109605630075,7.094133256896187,-0.1950236512661121,0.3773423881530473,0.6444971781987983,0.6145208151027242,0.001461950020166055,1812.724817856404,0.9,1.8201024910580574,0.7204186975756904,4.598399637743565,1.0003044949219801,1.507351281091584,1.819548447795407,0.58032268931245,5.004859249967945,1.0,1.0,1.0,1.506892439995635
paper_barrier,call,exact,antithetic,1024,20,7.043812236357882,7.094133256896187,-0.05032102053830556,0.08785360132587784,0.3006423230915674,0.3230039707835061,0.00535417499486352,2125.9246596975345,0.9,1.0922477789227492,0.43232495213170274,2.759510420759252,0.9084172635597986,1.4823979978880484,1.2023635203084728,0.43948999410286654,3.2922190396926774,1.0,1.0,1.0,1.631847012769222
paper_barrier,call,exact,antithetic,4096,20,7.132735379704028,7.094133256896187,0.03860212280784037,0.02129039388405593,0.15093216280610147,0.16228801272792365,0.03463984499103385,1355.9396607054155,0.95,1.3314273506043255,0.5269951349176107,3.363785872927258,1.4347735323418296,1.4652703769661481,0.9279703873761714,0.3365009903957313,3.7926386822647165,1.0,1.0,1.0,1.0212555110175066
paper_barrier,call,exact,antithetic,16384,20,7.099718739100988,7.094133256896187,0.005585482204800485,0.004894147524331896,0.07018080318571482,0.08088378765958464,0.131881445023464,1549.3132918525932,1.0,3.7740614376381596,1.4938194078803628,9.534981042506411,1.4482383720971845,1.461785086157839,2.605967021970952,1.192423681349918,5.6447859137562135,1.0,1.0,1.0,1.0093539256531627
paper_barrier,call,exact,antithetic,65536,20,7.091269126929906,7.094133256896187,-0.002864129966281048,0.0010725222901494195,0.0328743901937841,0.040404855941568826,0.3284998400020413,2838.301395754929,1.0,2.149384612960291,0.8507525653447884,5.430314762034422,0.8557754207558751,1.4723253012137738,2.511622279431464,1.189850987616695,5.335752616994753,1.0,1.0,1.0,1.7204575704141196
paper_barrier,call,exact,importance,256,20,7.184057545447905,7.094133256896187,0.08992428855171752,0.23855143197715878,0.49662642866513995,0.36607991362603853,0.058713285007979676,71.39726773136131,0.85,2.8790513432127245,1.139563529592847,7.273781953882409,40.173167409954566,4.269609645999805,0.07166602806875816,0.023779913459248368,0.19559924587884148,0.03938671056304647,0.014727924361157793,0.10436286037362393,0.10628013475835196
paper_barrier,call,exact,importance,1024,20,7.033521194175864,7.094133256896187,-0.060612062720323046,0.01760775451311376,0.14588206421738806,0.18301653858187367,0.064341395010706,882.6846059867881,0.95,5.449752314929654,2.157078232747988,13.768531823829756,10.916496760998283,4.629947342585735,0.4992217223386313,0.17915599910546412,1.4540571013832781,0.41520032328538486,0.15747647653115532,1.2793019105902355,0.4241239148375233
paper_barrier,call,exact,importance,4096,20,7.090063182538617,7.094133256896187,-0.004070074357570341,0.006257677793602413,0.079210121189647,0.09145736947950357,0.08022255498217416,1992.0044889639173,1.0,4.529893301849372,1.7929868503053832,11.444553161471779,3.3227977381265235,4.615716191512367,1.3632768705336358,0.6948046110271319,2.6843368022375347,1.4690952309246526,0.3327565875411077,4.091422314249127,1.389105373026654
paper_barrier,call,exact,importance,16384,20,7.089055659238174,7.094133256896187,-0.005077597658012856,0.0013237070646258612,0.03673539250644423,0.045725669587900045,0.15240310499211773,4956.9472587022265,1.0,13.953852733205705,5.523104584278262,35.25372426483506,1.6735942242449018,4.574862775952171,8.337655885196098,4.003325975693258,17.77582596077465,3.1994479649593344,1.3373079806852235,6.867255634525021,2.733555547502128
paper_barrier,call,exact,importance,65536,20,7.094082291524126,7.094133256896187,-5.09653720612846e-05,0.00031749541198162616,0.017818473824959744,0.022855318353731207,0.4393666299933102,7168.6186389520435,1.0,7.260775496300726,2.873903229149311,18.34399303113838,1.144594659913014,4.601531600937636,6.34353431008714,3.2616771653664003,11.972814473342282,2.525672097288082,1.2023295845999058,5.236229808534312,4.020228087808255
paper_barrier,call,exact,plain,256,20,7.028350511384025,7.094133256896187,-0.06578274551216268,0.6868018206591578,0.8313418011060648,0.7537067031575815,0.001461504999315315,996.2498223406633,0.9,1.0,0.3958121595432235,2.5264509335792593,1.0,1.0,1.0,1.0,1.0,0.5495869050431801,0.1937163915705485,1.6102024093156413,1.0
paper_barrier,call,exact,plain,1024,20,7.135236756711636,7.094133256896187,0.04110349981544914,0.09595790091855477,0.3124858374640896,0.3935798237582309,0.005893959978129665,1768.1213907355716,1.0,1.0,0.3958121595432235,2.5264509335792593,1.0,1.0,1.0,1.0,1.0,0.8316952262020098,0.3042734973548523,2.3569605312106066,1.0
paper_barrier,call,exact,plain,4096,20,7.119903252286813,7.094133256896187,0.02576999539062541,0.02834661272237112,0.1703252928510736,0.1964491702385009,0.024143074994208237,1461.1885025117274,1.0,1.0,0.3958121595432235,2.5264509335792593,1.0,1.0,1.0,1.0,1.0,1.0776205939367223,0.26289954130894205,2.7825000483490134,1.0
paper_barrier,call,exact,plain,16384,20,7.077228029149016,7.094133256896187,-0.016905227747170848,0.018470813441693275,0.1369547376576546,0.09779053984656863,0.09106335501419378,594.5252870778129,0.85,1.0,0.3958121595432235,2.5264509335792593,1.0,1.0,1.0,1.0,1.0,0.3837347102127476,0.16922236191374282,0.8258497475277952,1.0
paper_barrier,call,exact,plain,65536,20,7.101105106093745,7.094133256896187,0.006971849197557667,0.002305262907504095,0.048516693918048255,0.04902672152381515,0.3838622050068807,1130.0669766305039,1.0,1.0,0.3958121595432235,2.5264509335792593,1.0,1.0,1.0,1.0,1.0,0.3981490402395865,0.1788497244082465,0.8200274241487315,1.0
rare_barrier,call,exact,antithetic,256,20,1.2420773382546604,,,0.36770491398727173,,0.5047990088386627,0.001531334995524915,1775.9484630415732,,0.6510626822762972,0.2576985262697848,1.6448779214555678,1.1162920280329724,0.8022088586951799,0.5832368823985424,0.28446145372618525,1.5026614906043556,1.0,1.0,1.0,0.7186370936543898
rare_barrier,call,exact,antithetic,1024,20,1.1899074042463285,,,0.05199416352499599,,0.2564572479439382,0.005418225005269,3549.6731704662207,,0.8878653206057557,0.3514278899325007,2.24314816813706,0.866750277735273,0.9868379536970625,1.024361160778228,0.3908652968948385,2.3414941586519293,1.0,1.0,1.0,1.138549336581196
rare_barrier,call,exact,antithetic,4096,20,1.0552065014535554,,,0.015184783975252206,,0.12047142621935411,0.020543440012261226,3205.6655785063635,,1.09153748404374,0.4320438087817296,2.757715895599063,0.8882635679383339,1.0458925936474894,1.2288441442861449,0.5022846768894176,3.0206041531470005,1.0,1.0,1.0,1.1774574927968886
rare_barrier,call,exact,antithetic,16384,20,1.081075660558785,,,0.0030053653837497857,,0.061214878569904874,0.08840090499143112,3763.9687502072697,,1.2125400315125123,0.47993808840557584,3.0634228946170117,0.8799101204313412,1.0125621172254102,1.3780271454522106,0.6574171396448879,3.1983107567683504,1.0,1.0,1.0,1.1507563030745023
rare_barrier,call,exact,antithetic,65536,20,1.0561145635765994,,,0.0006044089237922434,,0.030279861799193026,0.3508638550003525,4715.529883304215,,2.1127109834465254,0.8362366968486568,5.33766063651163,0.9156373036493822,1.0252804030093285,2.307366656017686,0.9583503498074928,5.458393027642568,1.0,1.0,1.0,1.1197451206093838
rare_barrier,call,exact,importance,256,20,1.0429454405985976,,,0.0072770193101560484,,0.10534779697789436,0.058956794999539805,2330.84077126505,,32.897940404337696,13.021404835965171,83.11503224737382,42.977532968742054,18.98173161944343,0.7654683303544823,0.32864514768642505,2.3134935838322033,1.3124484295412167,0.4540221443941614,4.466763166715288,0.4416663849283535
rare_barrier,call,exact,importance,1024,20,1.05974851964616,,,0.004463987974977401,,0.052334613376344166,0.06781461001373823,3303.3433403005424,,10.341384189768647,4.093245608818477,26.126999740742793,10.84826340854382,23.799481723483,0.9532755428508523,0.35171049751920086,2.2433963182162655,0.930604926612631,0.43792403149942205,2.2367738000967834,2.1938517555481853
rare_barrier,call,exact,importance,4096,20,1.078146936195472,,,0.0004572284910297381,,0.026465996100888893,0.08283087001182135,26404.28990911919,,36.25049886713309,14.348388241119126,91.58510670558228,3.5814665941158643,21.730755776899095,10.121691188378104,4.37062431783431,30.220280301356944,8.236757472818457,3.6675517798152617,23.24747481514614,6.067557858169452
rare_barrier,call,exact,importance,16384,20,1.0627967365211752,,,0.00016700204771892798,,0.0130244392921724,0.15204508500755762,39382.72998963645,,21.820845234495614,8.636955875324167,55.12929481417998,1.5134008987007734,22.37349698843316,14.418416992634539,7.089348449422941,29.804487875140477,10.463086333399492,4.279792320010441,23.474060090121906,14.783589072558627
rare_barrier,call,exact,importance,65536,20,1.0648695650648918,,,2.3151896089318774e-05,,0.0065012314903956855,0.43520471500232816,99247.56117210629,,55.15493706703741,21.830994749974664,139.34624224452196,1.135738737693084,22.244487444500145,48.5630499661113,20.86417668182525,112.07021703283878,21.04695837545252,9.517645374418112,48.342247003492986,19.585919460388588
rare_barrier,call,exact,plain,256,20,0.9432002830923247,,,0.23939894758672828,,0.4445577120057537,0.00137180500896642,3044.9865511557564,,1.0,0.3958121595432235,2.5264509335792593,1.0,1.0,1.0,1.0,1.0,1.7145692088050621,0.7012826953974293,3.643760471462491,1.0
rare_barrier,call,exact,plain,1024,20,1.1647088046523835,,,0.04616381466774865,,0.25483650256020657,0.0062511950032785105,3465.2555235201053,,1.0,0.3958121595432235,2.5264509335792593,1.0,1.0,1.0,1.0,1.0,0.9762181916779037,0.445764833944039,2.5629024691752678,1.0
rare_barrier,call,exact,plain,4096,20,1.0724731038638853,,,0.01657476089609449,,0.12320708428909855,0.023127639986341774,2608.6836100509604,,1.0,0.3958121595432235,2.5264509335792593,1.0,1.0,1.0,1.0,1.0,0.8137728487780815,0.3556093236457102,2.0269318938742797,1.0
rare_barrier,call,exact,plain,16384,20,1.061232093124136,,,0.0036441258371185787,,0.06159389874105422,0.10046583501971322,2731.418435862592,,1.0,0.3958121595432235,2.5264509335792593,1.0,1.0,1.0,1.0,1.0,0.7256751097394689,0.3132458186512659,1.5449654191713604,1.0
rare_barrier,call,exact,plain,65536,20,1.0606583867873356,,,0.0012769413717889666,,0.030657509709074177,0.3831908700114582,2043.68467881165,,1.0,0.3958121595432235,2.5264509335792593,1.0,1.0,1.0,1.0,1.0,0.4333944921115888,0.19097473890322691,0.9741375201167168,1.0
