scenario,option_type,scheme,method,n_paths,n_reps,mean_price,exact_price,bias,var_across_reps,rmse,mean_std_error,mean_runtime_sec,efficiency,ci_coverage,vrf,vrf_ci_low,vrf_ci_high,time_ratio,vrf_within_run,eff,eff_ci_low,eff_ci_high,within_run_eff
asian_arith,call,exact,antithetic,256,20,2.9815853518851076,3.162981389216001,-0.18139603733089338,0.09198756301690175,0.35340074331593113,0.32179569581564976,0.00206407498917538,5266.782878956968,0.9,1.900613750024118,0.7522860328545906,4.801807383122011,1.051091143501756,1.6257941360350248,1.808229249931781,0.7466500036439802,3.9090596498415553,1.5467679906602776
asian_arith,call,exact,antithetic,1024,20,3.162573384746816,3.162981389216001,-0.00040800446918520805,0.021474357307708237,0.1465418840310002,0.16385344832179488,0.008169319987064168,5700.250188139975,0.95,2.295976536872637,0.9087754313201301,5.800672065057949,0.9299978854432884,1.4016918982309226,2.4687975884786533,1.020311073139686,6.7217178629888785,1.5071990164394822
asian_arith,call,exact,antithetic,4096,20,3.1575630617534807,3.162981389216001,-0.005418327462520356,0.00495141803036456,0.07057461514493481,0.08186381959954914,0.02759792500291946,7318.026470757714,1.0,2.1444574974377875,0.8488023531095074,5.41786664642274,0.8820611547434519,1.3951356385093396,2.4311891368365544,0.9917706646373491,5.033662970529328,1.5816767703766705
asian_arith,call,exact,antithetic,16384,20,3.16890121201983,3.162981389216001,0.005919822803829078,0.0007518996720835971,0.028052521706832916,0.04125376571748342,0.12025984499487093,11059.091844385159,1.0,2.4200422618264046,0.9578821538393764,6.114118031692582,0.8544226052646238,1.3584360049993522,2.8323715301011867,1.1716950560124062,5.738114758723952,1.5898877167214345
asian_arith,call,exact,antithetic,65536,20,3.1584105241622944,3.162981389216001,-0.00457086505370663,0.0005174708058942851,0.02320266392536602,0.020558409465228356,0.5268318450078369,3668.1081188630883,0.9,0.9056403884609252,0.35846347792628264,2.288056004914188,0.9352619329410571,1.3621183292055459,0.9683280764063783,0.34757155816527346,2.581834822161723,1.456403047349721
asian_arith,call,exact,control_variate,256,20,3.161426137304094,3.162981389216001,-0.0015552519119070851,9.235610906948444e-05,0.009735241012885868,0.011695205434219784,0.006560464989161059,1650440.0351380322,0.95,1893.0293714473987,749.284043591346,4782.6458227862395,3.340792695770911,1217.5157760772272,566.6407777542655,193.20593083979585,2174.4718367068494,364.4391876270781
asian_arith,call,exact,control_variate,1024,20,3.1618835552321003,3.162981389216001,-0.0010978339839007312,3.9115517986189654e-05,0.006349862789257497,0.00610109013926772,0.013782960019307173,1854848.3919295901,0.95,1260.4874755928154,498.9162697915785,3184.5597594764326,1.5690563833222477,1009.1622342586347,803.3410965920277,321.87292208683766,2263.2161092835418,643.1650544780813
asian_arith,call,exact,control_variate,4096,20,3.162228916108007,3.162981389216001,-0.0007524731079939784,1.2395384410836913e-05,0.003600222241624957,0.0030939025992516448,0.04269996000803071,1889350.4957037126,0.9,856.6176865705618,339.05969642441426,2164.202553956701,1.3647394153074366,976.1996894982366,627.6785714271984,226.07953355460074,2163.9985320797387,715.3011619279179
asian_arith,call,exact,control_variate,16384,20,3.163385847478764,3.162981389216001,0.00040445826276291896,2.0703940632815307e-06,0.0014946506446654113,0.00154173163507563,0.18910576501511964,2554125.408776147,0.95,878.8805065503553,347.87159127813834,2220.448476278758,1.343559360330703,972.2496104689404,654.1434137558524,241.07725748173547,1800.8295276291187,723.6372572549615
asian_arith,call,exact,control_variate,65536,20,3.1628739943297974,3.162981389216001,-0.00010739488620359339,4.570576591342815e-07,0.0006845373041091072,0.00076782354400658,0.7503249650006183,2915946.908118998,1.0,1025.3464793806318,405.8446042836892,2590.487570073404,1.3320196638644166,976.3926730701294,769.7682753465715,266.1256687688086,1970.1680887429727,733.0167110577388
asian_arith,call,exact,plain,256,20,3.37096546319099,3.162981389216001,0.20798407397498897,0.17483282710113351,0.467001287073566,0.40947930687465617,0.00196374501101667,2912.674307837719,0.95,1.0,0.3958121595432235,2.5264509335792593,1.0,1.0,1.0,1.0,1.0,1.0
asian_arith,call,exact,plain,1024,20,3.2090250773639126,3.162981389216001,0.0460436881479116,0.049304620522917564,0.22677001949371461,0.19389497529241273,0.008784235012717495,2308.9175940311247,0.95,1.0,0.3958121595432235,2.5264509335792593,1.0,1.0,1.0,1.0,1.0,1.0
asian_arith,call,exact,plain,4096,20,3.167861145534422,3.162981389216001,0.00487975631842108,0.010618105518163922,0.10315967012302382,0.09668188245360285,0.03128799500409508,3010.0605337023994,0.95,1.0,0.3958121595432235,2.5264509335792593,1.0,1.0,1.0,1.0,1.0,1.0
asian_arith,call,exact,plain,16384,20,3.183218639617758,3.162981389216001,0.020237250401756945,0.0018196289830957203,0.047214142869686115,0.04808287946687102,0.14074984001344998,3904.534319334184,0.95,1.0,0.3958121595432235,2.5264509335792593,1.0,1.0,1.0,1.0,1.0,1.0
asian_arith,call,exact,plain,65536,20,3.165700285451328,3.162981389216001,0.002718896235327062,0.0004686424616672884,0.02181822308085065,0.023993797518640822,0.5632987149932888,3788.0840267237,0.95,1.0,0.3958121595432235,2.5264509335792593,1.0,1.0,1.0,1.0,1.0,1.0
asian_arith,call,exact,rqmc,256,20,3.1565986565676694,3.162981389216001,-0.006382732648331668,0.0010679151270421253,0.03329646232112662,,0.016993169987108515,55104.72759778476,,163.71415918171277,64.80005489351679,413.61579030478174,8.653450367423625,,18.918945880596187,8.127336392230442,38.83064690385299,
asian_arith,call,exact,rqmc,1024,20,3.1648245060990243,3.162981389216001,0.0018431168830232991,8.235647846648884e-05,0.009260321717466104,,0.029935785016277743,405612.7336848824,,598.6732487958407,236.96215146663923,1512.51858832918,3.4078989203883783,,175.67224345011192,70.41402854411939,430.5939121169142,
asian_arith,call,exact,rqmc,4096,20,3.164785266510799,3.162981389216001,0.0018038772947979176,1.6146973102537457e-05,0.0044046505420095375,,0.085420569992857,725014.0338018556,,657.5910822874482,260.2825463765605,1661.371603758519,2.7301388274217278,,240.8636057926989,87.03821330347678,735.3710298246656,
asian_arith,call,exact,rqmc,16384,20,3.1630464988810907,3.162981389216001,6.510966508965765e-05,1.7657575793693045e-06,0.001330412284916744,,0.3218810350052081,1759436.2345806158,,1030.5089466163627,407.88797158883494,2603.530290240689,2.2869016048220683,,450.613591963674,169.3614577703189,1030.114231807789,
asian_arith,call,exact,rqmc,65536,20,3.163047365058184,3.162981389216001,6.597584218281938e-05,2.617571583066115e-07,0.0005158584787113068,,1.2701041899970733,3007890.9293959127,,1790.3711390323851,708.6506669242692,4523.284835661731,2.2547613835976983,,794.0401818376312,268.6429822804504,2120.0959584843195,
deep_barrier,call,exact,antithetic,256,20,3.566310920881849,3.3857296361568414,0.18058128472500767,0.45919454924991693,0.7012874942866522,0.694651679162294,0.0020124750037211455,1082.1134146927905,0.95,0.4881638284719841,0.19322117915838377,1.2333219601826697,1.1798286456487839,1.1036008489166493,0.41375824385374566,0.19293913362528342,0.9355662358629017,0.9353907899988162
deep_barrier,call,exact,antithetic,1024,20,3.4042624155853387,3.3857296361568414,0.018532779428497292,0.07733269602210595,0.2787044311370942,0.34368878513548473,0.007754720025695816,1667.518750728881,0.95,1.992782588620271,0.7887675799019247,5.034667431440177,0.8800456244457925,1.0970996452025734,2.2644082684636078,0.7887958299481194,5.792585292384879,1.246639509052125
deep_barrier,call,exact,antithetic,4096,20,3.416733623941733,3.3857296361568414,0.031003987784891773,0.04061019525467254,0.20389076122580507,0.17233588211751533,0.027803404995938717,885.6598081589144,0.9,0.2806477657140598,0.11108379821826266,0.7090428096952197,0.9309742060516931,1.1037718858060062,0.30145600585895993,0.09597105767220018,0.9144129846133201,1.1856095245507998
deep_barrier,call,exact,antithetic,16384,20,3.389050504835822,3.3857296361568414,0.0033208686789807373,0.00940888696394387,0.09705624726274402,0.08593719441460153,0.13540334998397152,784.9325512068364,0.9,1.587490541088022,0.6283480593224904,4.010716959580077,0.9843229367904592,1.092206573792404,1.6127741026377849,0.6819853517369925,3.9394712853950207,1.1096018724847727
deep_barrier,call,exact,antithetic,65536,20,3.3761334286853097,3.3857296361568414,-0.00959620747153167,0.0022735443026568997,0.04863775797149351,0.042918164268915544,0.44677431499585507,984.4833623723849,0.95,0.8401920683220118,0.3325582369936231,2.1227040353980358,0.7343523435887106,1.0930059014614024,1.1441266248515969,0.45633338829824666,2.8675724323121816,1.488394380441391
deep_barrier,call,exact,control_variate,256,20,3.3632269059932094,3.3857296361568414,-0.022502730163632023,0.08641785920790765,0.29482915743312244,0.4033943961067951,0.004569504997925786,2532.3710486598447,1.0,2.59393337476699,1.026710370777764,6.553445396322461,2.6789067605905794,3.297963102613262,0.9682805736005322,0.4590745605975254,2.144032528659725,1.2310854379591054
deep_barrier,call,exact,control_variate,1024,20,3.34043402945246,3.3857296361568414,-0.045295606704381264,0.051946598790924885,0.23237532308238512,0.2028056034086208,0.013619345007464253,1413.4702138796706,0.9,2.966647552502311,1.1742351743595583,7.495089478620089,1.5455935149072149,3.1555247240097395,1.9194228779359266,0.6453389366484511,6.251290097325205,2.0416265295983544
deep_barrier,call,exact,control_variate,4096,20,3.3986938011595442,3.3857296361568414,0.01296416500270281,0.012807681093027273,0.11391115251477608,0.100457731228713,0.0345926149981096,2257.075576653913,0.95,0.8898691715271064,0.35222103849308317,2.2482107991680604,1.1583053330274182,3.250787716882868,0.768250949170103,0.2937034650370856,1.8383393176918017,2.8065032804316017
deep_barrier,call,exact,control_variate,16384,20,3.376969511914951,3.3857296361568414,-0.00876012424189021,0.0010507603293891167,0.03357826836098713,0.05014146458647782,0.15740334998117755,6046.197938921405,1.0,14.214962860380323,5.626455147593854,35.913406189402366,1.1442532827472127,3.2090314456070073,12.422916389850268,5.324593741536693,30.330489235567466,2.8044765035783983
deep_barrier,call,exact,control_variate,65536,20,3.3845156476889664,3.3857296361568414,-0.0012139884678750157,0.0004869216799878513,0.022099670766506565,0.025018274333192713,0.5721339249867015,3589.5762905860374,0.95,3.923041360817383,1.5527874730025149,9.911371508507125,0.9404029608651286,3.216738014897065,4.171659941615199,1.5632032912667255,10.007529099632347,3.4205953710926322
deep_barrier,call,exact,importance,256,20,3.351555218031357,3.3857296361568414,-0.03417441812548461,0.0618364796466516,0.2510067140553556,0.22952293586816247,0.08449462500284424,191.39304851289552,0.95,3.625079733778873,1.4348506379433896,9.158586077704888,49.535611024921245,10.197706373974176,0.07318128632662076,0.03234820429668213,0.1760942884052473,0.2058661670458397
deep_barrier,call,exact,importance,1024,20,3.378916177785792,3.3857296361568414,-0.006813458371049297,0.014362178454425598,0.12003583493857,0.11483077262143579,0.09330282000591975,746.250974340697,0.95,10.730074873594809,4.247094107778042,27.10900768176896,10.588485235132055,9.84827284011508,1.0133720390894976,0.36791204081972934,2.511138888274477,0.930092701781272
deep_barrier,call,exact,importance,4096,20,3.3968121938584717,3.3857296361568414,0.011082557701630247,0.004476858971606434,0.06782095588250285,0.057396975503574144,0.10994487500283863,2031.662649571645,0.95,2.5457939675383416,1.0076562080434621,6.43182354598769,3.6814139394139533,9.96009421174218,0.691526138987676,0.2516782559418309,1.4832553929985934,2.7055078227165437
deep_barrier,call,exact,importance,16384,20,3.385086198376765,3.3857296361568414,-0.0006434377800763613,0.00111761019098688,0.03343686891985716,0.028713548108747655,0.23568796998006292,3796.4023274047454,1.0,13.36469475483034,5.2899086925453895,33.765245540342946,1.7133481173428833,9.785905389917037,7.800338191375111,3.6493639112037286,15.573117967767637,5.711568647878367
deep_barrier,call,exact,importance,65536,20,3.3813643490534426,3.3857296361568414,-0.004365287103398785,0.0002101611340665796,0.015139909694634225,0.014347835283464505,0.6415318750019651,7417.01841336643,0.85,9.089282366861731,3.597648482325684,22.96362592132332,1.0544707251107832,9.780432089528706,8.619757903574618,2.9668155147393986,37.80746359618866,9.275204950332943
deep_barrier,call,exact,plain,256,20,3.4425403211385905,3.3857296361568414,0.05681068498174913,0.22416216917530649,0.47685388024362557,0.7317984479810898,0.001705734990537115,2615.3277445640297,1.0,1.0,0.3958121595432235,2.5264509335792593,1.0,1.0,1.0,1.0,1.0,1.0
deep_barrier,call,exact,plain,1024,20,3.3885233251609206,3.3857296361568414,0.0027936890040791695,0.15410725016391683,0.39257490350526525,0.35960121513533083,0.008811724995030048,736.4037545492122,0.9,1.0,0.3958121595432235,2.5264509335792593,1.0,1.0,1.0,1.0,1.0,1.0
deep_barrier,call,exact,plain,4096,20,3.402792283240288,3.3857296361568414,0.017062647083446514,0.011397160563435564,0.1081124159795248,0.18112515480600838,0.029864849976729547,2937.940498598929,1.0,1.0,0.3958121595432235,2.5264509335792593,1.0,1.0,1.0,1.0,1.0,1.0
deep_barrier,call,exact,plain,16384,20,3.378017578426449,3.3857296361568414,-0.00771205773039263,0.01493651905742729,0.12245813526207312,0.08980514293336608,0.13755988499615338,486.6971449523117,0.85,1.0,0.3958121595432235,2.5264509335792593,1.0,1.0,1.0,1.0,1.0,1.0
deep_barrier,call,exact,plain,65536,20,3.3728931342048645,3.3857296361568414,-0.012836501951976942,0.0019102138900710264,0.04555205453581797,0.04486957775332472,0.6083923049969598,860.4671379796628,0.95,1.0,0.3958121595432235,2.5264509335792593,1.0,1.0,1.0,1.0,1.0,1.0
deep_barrier,call,exact,rqmc,256,20,3.3078056665706774,3.3857296361568414,-0.07792396958616399,0.04538673283100553,0.22684549338056276,,0.018753860006108826,1174.8445568622492,,4.938936010440746,1.9548909281383444,12.477979494466245,10.994591838796405,,0.44921503979918725,0.2164372420014259,0.920463139083106,
deep_barrier,call,exact,rqmc,1024,20,3.3774428612538996,3.3857296361568414,-0.00828677490294183,0.004251534443745086,0.0657282669940195,,0.03024661500821816,7776.38080627366,,36.24744247118625,14.347178482438988,91.577384871189,3.432541871798964,,10.559941822993492,3.6547197727963194,25.642072140120924,
deep_barrier,call,exact,rqmc,4096,20,3.391336045425965,3.3857296361568414,0.005606409269123702,0.0016471754662917128,0.04097081023344094,,0.08573403999325815,7081.199755601083,,6.919214617185866,2.7387092799713764,17.48105622922449,2.8707339919692023,,2.4102597581462346,0.9127006197700761,6.695386214772533,
deep_barrier,call,exact,rqmc,16384,20,3.3856115324139333,3.3857296361568414,-0.00011810374290810444,0.00025907328241201263,0.016096186843662742,,0.32995331001584416,11698.357331852563,,57.65364501644465,22.820013739497362,145.65910527604382,2.398615773959616,,24.036215238120636,10.302310919071987,69.17381788484789,
deep_barrier,call,exact,rqmc,65536,20,3.383237129520805,3.3857296361568414,-0.0024925066360363957,4.7478877441262296e-05,0.007327446128901104,,1.1501455099962186,18312.463388055072,,40.23292025878699,15.924679052360787,101.6464989484323,1.8904668920853065,,21.282002042578746,7.911511065253132,51.37314548419311,
paper_asian_geo,call,exact,antithetic,256,20,2.897354772337956,3.000200360178781,-0.1028455878408252,0.08838092924869068,0.31457613416630253,0.30110482720712256,0.0024461599998175593,4625.477538134657,0.95,2.286728999671418,0.9051151436500593,5.777308616062621,0.8700860820790537,1.5048535693123861,2.628164094071386,1.3065343691974431,5.480062797617891,1.729545616586083
paper_asian_geo,call,exact,antithetic,1024,20,3.005154730078426,3.000200360178781,0.004954369899644817,0.02234644718713966,0.1495693583868105,0.1591569417416984,0.009346349997213062,4787.948543409907,0.95,1.0534637129035043,0.41697374720475844,2.6615243809569313,0.7034055485036773,1.313723042979585,1.4976619322160452,0.5930788267321344,3.735202893234361,1.8676609045439125
paper_asian_geo,call,exact,antithetic,4096,20,3.0101318516439735,3.000200360178781,0.009931491465192455,0.005533805142878834,0.07504958138192394,0.07883043867322075,0.036354315001517486,4970.729972839333,0.95,1.0747762104417724,0.42540949288064,2.7153693602593947,0.9680623928086086,1.3423043092574534,1.1102344419387664,0.4085051470438453,3.057321025559106,1.3865886323329517
paper_asian_geo,call,exact,antithetic,16384,20,3.013569802949219,3.000200360178781,0.013369442770438056,0.0018365565658776159,0.0448920768718672,0.03948856498378411,0.16968391999253069,3208.891274124961,0.95,1.2635913795459892,0.500144832718299,3.192401620516669,0.9825267945792047,1.3447927695516846,1.2860630229297296,0.7152367911274975,2.322337240536472,1.3687084942325982
paper_asian_geo,call,exact,antithetic,65536,20,3.001629178721437,3.000200360178781,0.001428818542656085,0.00041843623376555927,0.020505554276668482,0.01969834338705911,0.605957325012423,3943.925256491642,0.95,1.0783780613321314,0.4268351492599057,2.7244692598039553,0.9459791474099006,1.3624684076806486,1.1399596537457937,0.46094749577134,2.871978566737729,1.4402731935593922
paper_asian_geo,call,exact,plain,256,20,3.025938641954289,3.000200360178781,0.025738281775507854,0.20210323393088883,0.4502951177612792,0.36863181108821885,0.00281139998696739,1759.9652733133412,0.95,1.0,0.3958121595432235,2.5264509335792593,1.0,1.0,1.0,1.0,1.0,1.0
paper_asian_geo,call,exact,plain,1024,20,2.992303003245567,3.000200360178781,-0.007897356933213917,0.023541171223966217,0.15363443452070502,0.18250682837412474,0.01328728500520806,3196.948817631576,1.0,1.0,0.3958121595432235,2.5264509335792593,1.0,1.0,1.0,1.0,1.0,1.0
paper_asian_geo,call,exact,plain,4096,20,2.9831844337611404,3.000200360178781,-0.017015926417640603,0.005947602120786504,0.07897559035953491,0.0913361369685405,0.037553690001368475,4477.189488158112,1.0,1.0,0.3958121595432235,2.5264509335792593,1.0,1.0,1.0,1.0,1.0,1.0
paper_asian_geo,call,exact,plain,16384,20,2.995738807963943,3.000200360178781,-0.004461552214837905,0.002320657044691541,0.04837936019479036,0.04579441732422838,0.1727015700016636,2495.12754578303,1.0,1.0,0.3958121595432235,2.5264509335792593,1.0,1.0,1.0,1.0,1.0,1.0
paper_asian_geo,call,exact,plain,65536,20,3.0110820162237566,3.000200360178781,0.010881656044975596,0.0004512324545592224,0.02386719281441318,0.022992900629649038,0.6405609750188888,3459.7060023416593,0.95,1.0,0.3958121595432235,2.5264509335792593,1.0,1.0,1.0,1.0,1.0,1.0
paper_asian_geo,call,exact,rqmc,256,20,3.0024816376118073,3.000200360178781,0.0022812774330263075,0.0009763029950166505,0.0313290156523164,,0.018427309987600844,55584.46586694754,,207.00872061489684,81.93656875086214,522.9973754565542,6.554496006624114,,31.58270603959319,14.58558099522161,72.32614011451288,
paper_asian_geo,call,exact,rqmc,1024,20,2.9996616686394075,3.000200360178781,-0.0005386915393734704,0.00012935271333707214,0.011386083695093089,,0.0300043150025885,257656.28501867296,,181.9920944574371,72.0346839269925,459.79409694603675,2.2581223320511348,,80.59443541844213,32.94155696193718,173.03079009012245,
paper_asian_geo,call,exact,rqmc,4096,20,3.000449209694864,3.000200360178781,0.00024884951608283856,1.1311699876773783e-05,0.00337248068318092,,0.09220507001737129,958776.3750863608,,525.7920724186348,208.1148956547268,1328.3878722306335,2.455286551441717,,214.1469280275639,92.24245006035345,484.5894503260547,
paper_asian_geo,call,exact,rqmc,16384,20,2.999932938049244,3.000200360178781,-0.0002674221295371204,1.5659760594677974e-06,0.0012796447377432401,,0.34552742998930625,1848129.2976188443,,1481.9237054493826,586.563422132216,3744.007529125828,2.0007196806953047,,740.6953206629994,344.6955362314095,1632.1016646395026,
paper_asian_geo,call,exact,rqmc,65536,20,2.999941329822004,3.000200360178781,-0.00025903035677687924,2.543924609213064e-07,0.0005670001645972104,,1.4368253950146026,2735846.760452034,,1773.7650436850265,702.0777724632505,4481.330350568292,2.243073573085269,,790.774348629713,358.1914203611865,1638.0416049308096,
paper_barrier,call,exact,antithetic,256,20,7.255397145640257,7.094133256896187,0.16126388874406938,0.33937035384159175,0.6044637256729731,0.6601374909088868,0.00200141499517479,1472.2750400849577,0.95,1.8197418766528646,0.7202759620092086,4.597488563142903,1.082694537674144,1.4992231636804276,1.6807528008426584,0.7860494563495903,3.4682860934695734,1.3847148124540047
paper_barrier,call,exact,antithetic,1024,20,7.123674177230548,7.094133256896187,0.02954092033436062,0.13698383233509742,0.3712903153992822,0.32961832950384845,0.00712039000936779,1025.2432194907774,0.9,1.1094807559524824,0.4391459739852002,2.8030486916643715,0.8360739086614304,1.3813824409863735,1.3270127729841268,0.5253707468832689,3.3489867866338145,1.652225271804011
paper_barrier,call,exact,antithetic,4096,20,7.073926772967264,7.094133256896187,-0.020206483928923547,0.024953006804825168,0.15925234314632553,0.16196282324181746,0.02788902499014506,1436.9570369590824,0.95,0.7260726511351471,0.28738838403107614,1.8343869273067603,0.8235481277836028,1.4340703907416206,0.8816396111411373,0.3872744815300198,2.105486140993964,1.7413316142204138
paper_barrier,call,exact,antithetic,16384,20,7.066879063284378,7.094133256896187,-0.027254193611809363,0.0032187639211695503,0.06294088488891414,0.0805789597928824,0.12229023999534543,2540.499290634192,1.0,3.315873540815093,1.312463066962257,8.377391802823057,0.9948602782716961,1.4722666459211033,3.3330042552061054,1.3146997554206474,9.662019333971523,1.4798727802046467
paper_barrier,call,exact,antithetic,65536,20,7.071893157467612,7.094133256896187,-0.022240099428575633,0.0018647293902835178,0.04857315526992711,0.04028893946307418,0.47655400999938136,1125.30968289959,0.95,1.1515895154779616,0.45581313302866644,2.909434406479383,0.9850816830819453,1.4777982153450933,1.1690294675615902,0.485536045552067,2.7526196017061966,1.50017835142526
paper_barrier,call,exact,control_variate,256,20,7.10078960291999,7.094133256896187,0.006656346023802939,0.00022828694032385393,0.016510417399704075,0.016194081975107515,0.004344119993038415,1008363.5064696601,0.8,2705.220209723555,1070.7590532506524,6834.606124393556,2.3500148638853244,2163.4825906527394,1151.1502549609252,486.91021147155783,2962.2583002287724,920.6250666329031
paper_barrier,call,exact,control_variate,1024,20,7.094279948122221,7.094133256896187,0.00014669122603372386,6.142662799606619e-05,0.007838886803102943,0.009913820108053445,0.01228763500694181,1324875.3563984698,0.95,2474.186371782364,979.3130509275904,6250.910468838634,1.4428101571603407,1503.36964459747,1714.8384764991679,750.7691600873295,3491.221390982084,1041.9732888187584
paper_barrier,call,exact,control_variate,4096,20,7.094052801157142,7.094133256896187,-8.045573904524872e-05,2.0443209483549143e-05,0.004522132528961801,0.004988751446343204,0.038877245003823134,1258216.6837791798,1.0,886.245176871678,350.786617342345,2239.054954487567,1.1480244414280054,1504.1126314148737,771.9741365168976,368.6810125791835,1735.5334870644572,1310.1747464051698
paper_barrier,call,exact,control_variate,16384,20,7.094899830137064,7.094133256896187,0.0007665732408765891,3.308455827334812e-06,0.001973851656270767,0.002448879534590825,0.16007657999289218,1888195.0828815042,1.0,3225.980541180202,1276.8823246489528,8150.281549973247,1.3022611691871044,1592.406897632498,2477.214722753285,1082.9203760531789,5146.736389710721,1222.8014896785319
paper_barrier,call,exact,control_variate,65536,20,7.094058337256733,7.094133256896187,-7.491963945405189e-05,1.0906283213982845e-06,0.0010470154123861835,0.0012497928684458302,0.5946868900035043,1541824.2224540133,0.95,1968.959335569927,779.3380466647233,4974.47915153024,1.2292733881563187,1535.3609616438393,1601.7261534661543,655.5240929716554,4276.380412793748,1248.9987796340365
paper_barrier,call,exact,importance,256,20,7.056721651091117,7.094133256896187,-0.037411605805070636,0.09687910357417202,0.31349438882232966,0.36568579936101225,0.08540580999688241,120.85996731322196,0.95,6.374609402813344,2.523147913972088,16.105137876940898,46.20151452457006,4.911001522748711,0.1379740354490612,0.06123919162906413,0.3110009192044899,0.10629524969656634
paper_barrier,call,exact,importance,1024,20,7.114628823851957,7.094133256896187,0.020495566955769817,0.02971473833135696,0.17359379768930513,0.18272990750904933,0.08740101499715816,385.04511117050765,1.0,5.114664788820693,2.0244465154028037,12.921949630661006,10.262599117957365,4.506629367584961,0.49837908799059666,0.21296287482845308,1.1937091311913035,0.439131385313426
paper_barrier,call,exact,importance,4096,20,7.110337137011728,7.094133256896187,0.016203880115540414,0.010142499384689918,0.10200522102073366,0.0913436519641323,0.10908345499192362,903.8495062350015,0.9,1.7863147058131845,0.7070450813317346,4.513036456168081,3.221176615622457,4.510250729110769,0.5545534812185389,0.25066130915451135,1.3361171310045026,1.4001873437291215
paper_barrier,call,exact,importance,16384,20,7.0984563337966495,7.094133256896187,0.004323076900462297,0.001643058325449984,0.04076453506833231,0.045667539094883865,0.21972681501647454,2769.8991632539055,0.95,6.495821818993147,2.571125262183668,16.41137509895976,1.7875300624102426,4.584192296336959,3.6339650759408264,1.4601580265152307,10.366424583536249,2.5645399720750968
paper_barrier,call,exact,importance,65536,20,7.088506311668377,7.094133256896187,-0.005626945227810154,0.0005510406350205853,0.02413924496783942,0.022859822268438804,0.6697679750097449,2709.5177236727945,1.0,3.896995391227165,1.5424781615316134,9.845567644319942,1.38447300883659,4.5904331532576945,2.8147861073159643,1.3438117178833213,5.7107449979982,3.3156537714773937
paper_barrier,call,exact,plain,256,20,7.104258118515714,7.094133256896187,0.010124861619527081,0.6175664445800448,0.7859191799433701,0.8070362411553831,0.0018485500069800403,875.9616758316995,0.95,1.0,0.3958121595432235,2.5264509335792593,1.0,1.0,1.0,1.0,1.0,1.0
paper_barrier,call,exact,plain,1024,20,7.031146481135882,7.094133256896187,-0.06298677576030531,0.151980925852412,0.39490284852491375,0.38770914734742845,0.008516460011014654,772.5948388463936,0.95,1.0,0.3958121595432235,2.5264509335792593,1.0,1.0,1.0,1.0,1.0,1.0
paper_barrier,call,exact,plain,4096,20,6.993261027836449,7.094133256896187,-0.10087222905973814,0.018117695804572776,0.16820494166359398,0.19395586850297092,0.03386447500670324,1629.8689609682783,1.0,1.0,0.3958121595432235,2.5264509335792593,1.0,1.0,1.0,1.0,1.0,1.0
paper_barrier,call,exact,plain,16384,20,7.082714249733887,7.094133256896187,-0.011419007162300154,0.01067301412033635,0.1039394431623963,0.09777214013469313,0.12292202499811536,762.2250366665354,0.95,1.0,0.3958121595432235,2.5264509335792593,1.0,1.0,1.0,1.0,1.0,1.0
paper_barrier,call,exact,plain,65536,20,7.088744904023957,7.094133256896187,-0.005388352872230051,0.002147402815054111,0.046652300712074005,0.04897696745078205,0.4837710599880666,962.6016401851762,0.95,1.0,0.3958121595432235,2.5264509335792593,1.0,1.0,1.0,1.0,1.0,1.0
paper_barrier,call,exact,rqmc,256,20,7.080655646726174,7.094133256896187,-0.013477610170013143,0.0018415956638580255,0.04498045842088392,,0.018702899996424036,29033.32426044684,,335.34312482376424,132.7328864244669,847.2279507803853,10.117605650808873,,33.14451426528514,13.804954554913726,84.96267650562729,
paper_barrier,call,exact,rqmc,1024,20,7.099683710629807,7.094133256896187,0.005550453733619953,0.0002155719119162988,0.015696478858819085,,0.029770850011846,155817.62905208458,,705.0126544845156,279.0525812768166,1781.1798791075962,3.495683649467297,,201.68090856618323,81.03180898384676,509.245363755991,
paper_barrier,call,exact,rqmc,4096,20,7.0936761627240035,7.094133256896187,-0.0004570941721837585,1.7758700459426432e-05,0.0042388247830820736,,0.08327812000061381,676173.1253178046,,1020.2151810582394,403.8135740134425,2577.523596636322,2.459158749224061,,414.8634899557209,187.87347587413896,1049.6188711651982,
paper_barrier,call,exact,rqmc,16384,20,7.094270185228003,7.094133256896187,0.0001369283318153336,2.2994083457712413e-06,0.001522549741001906,,0.3456598250078969,1258157.442403175,,4641.634940555341,1837.2155496324915,11726.862928900151,2.812025143689233,,1650.6377800255914,704.4500963169411,3776.50048722139,
paper_barrier,call,exact,rqmc,65536,20,7.094252387927858,7.094133256896187,0.00011913103167060513,3.752475085195987e-07,0.0006240510485741543,,1.2252018649945966,2175076.485872268,,5722.630440708056,2265.086713004445,14457.945019455958,2.532606776901494,,2259.5811133812817,1065.1545327503914,5049.576237243502,
