scenario,method,n_paths,mean_price,rmse,bias,vrf,vrf_ci_low,vrf_ci_high,vrf_within_run,time_ratio,eff,eff_ci_low,eff_ci_high,within_run_eff,mean_runtime_sec
asian_arith,antithetic,256,2.9815853518851076,0.35340074331593113,-0.18139603733089338,1.900613750024118,0.7522860328545906,4.801807383122011,1.6257941360350248,1.051091143501756,1.808229249931781,0.7466500036439802,3.9090596498415553,1.5467679906602776,0.00206407498917538
asian_arith,antithetic,1024,3.162573384746816,0.1465418840310002,-0.00040800446918520805,2.295976536872637,0.9087754313201301,5.800672065057949,1.4016918982309226,0.9299978854432884,2.4687975884786533,1.020311073139686,6.7217178629888785,1.5071990164394822,0.008169319987064168
asian_arith,antithetic,4096,3.1575630617534807,0.07057461514493481,-0.005418327462520356,2.1444574974377875,0.8488023531095074,5.41786664642274,1.3951356385093396,0.8820611547434519,2.4311891368365544,0.9917706646373491,5.033662970529328,1.5816767703766705,0.02759792500291946
asian_arith,antithetic,16384,3.16890121201983,0.028052521706832916,0.005919822803829078,2.4200422618264046,0.9578821538393764,6.114118031692582,1.3584360049993522,0.8544226052646238,2.8323715301011867,1.1716950560124062,5.738114758723952,1.5898877167214345,0.12025984499487093
asian_arith,antithetic,65536,3.1584105241622944,0.02320266392536602,-0.00457086505370663,0.9056403884609252,0.35846347792628264,2.288056004914188,1.3621183292055459,0.9352619329410571,0.9683280764063783,0.34757155816527346,2.581834822161723,1.456403047349721,0.5268318450078369
asian_arith,control_variate,256,3.161426137304094,0.009735241012885868,-0.0015552519119070851,1893.0293714473987,749.284043591346,4782.6458227862395,1217.5157760772272,3.340792695770911,566.6407777542655,193.20593083979585,2174.4718367068494,364.4391876270781,0.006560464989161059
asian_arith,control_variate,1024,3.1618835552321003,0.006349862789257497,-0.0010978339839007312,1260.4874755928154,498.9162697915785,3184.5597594764326,1009.1622342586347,1.5690563833222477,803.3410965920277,321.87292208683766,2263.2161092835418,643.1650544780813,0.013782960019307173
asian_arith,control_variate,4096,3.162228916108007,0.003600222241624957,-0.0007524731079939784,856.6176865705618,339.05969642441426,2164.202553956701,976.1996894982366,1.3647394153074366,627.6785714271984,226.07953355460074,2163.9985320797387,715.3011619279179,0.04269996000803071
asian_arith,control_variate,16384,3.163385847478764,0.0014946506446654113,0.00040445826276291896,878.8805065503553,347.87159127813834,2220.448476278758,972.2496104689404,1.343559360330703,654.1434137558524,241.07725748173547,1800.8295276291187,723.6372572549615,0.18910576501511964
asian_arith,control_variate,65536,3.1628739943297974,0.0006845373041091072,-0.00010739488620359339,1025.3464793806318,405.8446042836892,2590.487570073404,976.3926730701294,1.3320196638644166,769.7682753465715,266.1256687688086,1970.1680887429727,733.0167110577388,0.7503249650006183
asian_arith,plain,256,3.37096546319099,0.467001287073566,0.20798407397498897,1.0,0.3958121595432235,2.5264509335792593,1.0,1.0,1.0,1.0,1.0,1.0,0.00196374501101667
asian_arith,plain,1024,3.2090250773639126,0.22677001949371461,0.0460436881479116,1.0,0.3958121595432235,2.5264509335792593,1.0,1.0,1.0,1.0,1.0,1.0,0.008784235012717495
asian_arith,plain,4096,3.167861145534422,0.10315967012302382,0.00487975631842108,1.0,0.3958121595432235,2.5264509335792593,1.0,1.0,1.0,1.0,1.0,1.0,0.03128799500409508
asian_arith,plain,16384,3.183218639617758,0.047214142869686115,0.020237250401756945,1.0,0.3958121595432235,2.5264509335792593,1.0,1.0,1.0,1.0,1.0,1.0,0.14074984001344998
asian_arith,plain,65536,3.165700285451328,0.02181822308085065,0.002718896235327062,1.0,0.3958121595432235,2.5264509335792593,1.0,1.0,1.0,1.0,1.0,1.0,0.5632987149932888
asian_arith,rqmc,256,3.1565986565676694,0.03329646232112662,-0.006382732648331668,163.71415918171277,64.80005489351679,413.61579030478174,,8.653450367423625,18.918945880596187,8.127336392230442,38.83064690385299,,0.016993169987108515
asian_arith,rqmc,1024,3.1648245060990243,0.009260321717466104,0.0018431168830232991,598.6732487958407,236.96215146663923,1512.51858832918,,3.4078989203883783,175.67224345011192,70.41402854411939,430.5939121169142,,0.029935785016277743
asian_arith,rqmc,4096,3.164785266510799,0.0044046505420095375,0.0018038772947979176,657.5910822874482,260.2825463765605,1661.371603758519,,2.7301388274217278,240.8636057926989,87.03821330347678,735.3710298246656,,0.085420569992857
asian_arith,rqmc,16384,3.1630464988810907,0.001330412284916744,6.510966508965765e-05,1030.5089466163627,407.88797158883494,2603.530290240689,,2.2869016048220683,450.613591963674,169.3614577703189,1030.114231807789,,0.3218810350052081
asian_arith,rqmc,65536,3.163047365058184,0.0005158584787113068,6.597584218281938e-05,1790.3711390323851,708.6506669242692,4523.284835661731,,2.2547613835976983,794.0401818376312,268.6429822804504,2120.0959584843195,,1.2701041899970733
deep_barrier,antithetic,256,3.566310920881849,0.7012874942866522,0.18058128472500767,0.4881638284719841,0.19322117915838377,1.2333219601826697,1.1036008489166493,1.1798286456487839,0.41375824385374566,0.19293913362528342,0.9355662358629017,0.9353907899988162,0.0020124750037211455
deep_barrier,antithetic,1024,3.4042624155853387,0.2787044311370942,0.018532779428497292,1.992782588620271,0.7887675799019247,5.034667431440177,1.0970996452025734,0.8800456244457925,2.2644082684636078,0.7887958299481194,5.792585292384879,1.246639509052125,0.007754720025695816
deep_barrier,antithetic,4096,3.416733623941733,0.20389076122580507,0.031003987784891773,0.2806477657140598,0.11108379821826266,0.7090428096952197,1.1037718858060062,0.9309742060516931,0.30145600585895993,0.09597105767220018,0.9144129846133201,1.1856095245507998,0.027803404995938717
deep_barrier,antithetic,16384,3.389050504835822,0.09705624726274402,0.0033208686789807373,1.587490541088022,0.6283480593224904,4.010716959580077,1.092206573792404,0.9843229367904592,1.6127741026377849,0.6819853517369925,3.9394712853950207,1.1096018724847727,0.13540334998397152
deep_barrier,antithetic,65536,3.3761334286853097,0.04863775797149351,-0.00959620747153167,0.8401920683220118,0.3325582369936231,2.1227040353980358,1.0930059014614024,0.7343523435887106,1.1441266248515969,0.45633338829824666,2.8675724323121816,1.488394380441391,0.44677431499585507
deep_barrier,control_variate,256,3.3632269059932094,0.29482915743312244,-0.022502730163632023,2.59393337476699,1.026710370777764,6.553445396322461,3.297963102613262,2.6789067605905794,0.9682805736005322,0.4590745605975254,2.144032528659725,1.2310854379591054,0.004569504997925786
deep_barrier,control_variate,1024,3.34043402945246,0.23237532308238512,-0.045295606704381264,2.966647552502311,1.1742351743595583,7.495089478620089,3.1555247240097395,1.5455935149072149,1.9194228779359266,0.6453389366484511,6.251290097325205,2.0416265295983544,0.013619345007464253
deep_barrier,control_variate,4096,3.3986938011595442,0.11391115251477608,0.01296416500270281,0.8898691715271064,0.35222103849308317,2.2482107991680604,3.250787716882868,1.1583053330274182,0.768250949170103,0.2937034650370856,1.8383393176918017,2.8065032804316017,0.0345926149981096
deep_barrier,control_variate,16384,3.376969511914951,0.03357826836098713,-0.00876012424189021,14.214962860380323,5.626455147593854,35.913406189402366,3.2090314456070073,1.1442532827472127,12.422916389850268,5.324593741536693,30.330489235567466,2.8044765035783983,0.15740334998117755
deep_barrier,control_variate,65536,3.3845156476889664,0.022099670766506565,-0.0012139884678750157,3.923041360817383,1.5527874730025149,9.911371508507125,3.216738014897065,0.9404029608651286,4.171659941615199,1.5632032912667255,10.007529099632347,3.4205953710926322,0.5721339249867015
deep_barrier,importance,256,3.351555218031357,0.2510067140553556,-0.03417441812548461,3.625079733778873,1.4348506379433896,9.158586077704888,10.197706373974176,49.535611024921245,0.07318128632662076,0.03234820429668213,0.1760942884052473,0.2058661670458397,0.08449462500284424
deep_barrier,importance,1024,3.378916177785792,0.12003583493857,-0.006813458371049297,10.730074873594809,4.247094107778042,27.10900768176896,9.84827284011508,10.588485235132055,1.0133720390894976,0.36791204081972934,2.511138888274477,0.930092701781272,0.09330282000591975
deep_barrier,importance,4096,3.3968121938584717,0.06782095588250285,0.011082557701630247,2.5457939675383416,1.0076562080434621,6.43182354598769,9.96009421174218,3.6814139394139533,0.691526138987676,0.2516782559418309,1.4832553929985934,2.7055078227165437,0.10994487500283863
deep_barrier,importance,16384,3.385086198376765,0.03343686891985716,-0.0006434377800763613,13.36469475483034,5.2899086925453895,33.765245540342946,9.785905389917037,1.7133481173428833,7.800338191375111,3.6493639112037286,15.573117967767637,5.711568647878367,0.23568796998006292
deep_barrier,importance,65536,3.3813643490534426,0.015139909694634225,-0.004365287103398785,9.089282366861731,3.597648482325684,22.96362592132332,9.780432089528706,1.0544707251107832,8.619757903574618,2.9668155147393986,37.80746359618866,9.275204950332943,0.6415318750019651
deep_barrier,plain,256,3.4425403211385905,0.47685388024362557,0.05681068498174913,1.0,0.3958121595432235,2.5264509335792593,1.0,1.0,1.0,1.0,1.0,1.0,0.001705734990537115
deep_barrier,plain,1024,3.3885233251609206,0.39257490350526525,0.0027936890040791695,1.0,0.3958121595432235,2.5264509335792593,1.0,1.0,1.0,1.0,1.0,1.0,0.008811724995030048
deep_barrier,plain,4096,3.402792283240288,0.1081124159795248,0.017062647083446514,1.0,0.3958121595432235,2.5264509335792593,1.0,1.0,1.0,1.0,1.0,1.0,0.029864849976729547
deep_barrier,plain,16384,3.378017578426449,0.12245813526207312,-0.00771205773039263,1.0,0.3958121595432235,2.5264509335792593,1.0,1.0,1.0,1.0,1.0,1.0,0.13755988499615338
deep_barrier,plain,65536,3.3728931342048645,0.04555205453581797,-0.012836501951976942,1.0,0.3958121595432235,2.5264509335792593,1.0,1.0,1.0,1.0,1.0,1.0,0.6083923049969598
deep_barrier,rqmc,256,3.3078056665706774,0.22684549338056276,-0.07792396958616399,4.938936010440746,1.9548909281383444,12.477979494466245,,10.994591838796405,0.44921503979918725,0.2164372420014259,0.920463139083106,,0.018753860006108826
deep_barrier,rqmc,1024,3.3774428612538996,0.0657282669940195,-0.00828677490294183,36.24744247118625,14.347178482438988,91.577384871189,,3.432541871798964,10.559941822993492,3.6547197727963194,25.642072140120924,,0.03024661500821816
deep_barrier,rqmc,4096,3.391336045425965,0.04097081023344094,0.005606409269123702,6.919214617185866,2.7387092799713764,17.48105622922449,,2.8707339919692023,2.4102597581462346,0.9127006197700761,6.695386214772533,,0.08573403999325815
deep_barrier,rqmc,16384,3.3856115324139333,0.016096186843662742,-0.00011810374290810444,57.65364501644465,22.820013739497362,145.65910527604382,,2.398615773959616,24.036215238120636,10.302310919071987,69.17381788484789,,0.32995331001584416
deep_barrier,rqmc,65536,3.383237129520805,0.007327446128901104,-0.0024925066360363957,40.23292025878699,15.924679052360787,101.6464989484323,,1.8904668920853065,21.282002042578746,7.911511065253132,51.37314548419311,,1.1501455099962186
paper_asian_geo,antithetic,256,2.897354772337956,0.31457613416630253,-0.1028455878408252,2.286728999671418,0.9051151436500593,5.777308616062621,1.5048535693123861,0.8700860820790537,2.628164094071386,1.3065343691974431,5.480062797617891,1.729545616586083,0.0024461599998175593
paper_asian_geo,antithetic,1024,3.005154730078426,0.1495693583868105,0.004954369899644817,1.0534637129035043,0.41697374720475844,2.6615243809569313,1.313723042979585,0.7034055485036773,1.4976619322160452,0.5930788267321344,3.735202893234361,1.8676609045439125,0.009346349997213062
paper_asian_geo,antithetic,4096,3.0101318516439735,0.07504958138192394,0.009931491465192455,1.0747762104417724,0.42540949288064,2.7153693602593947,1.3423043092574534,0.9680623928086086,1.1102344419387664,0.4085051470438453,3.057321025559106,1.3865886323329517,0.036354315001517486
paper_asian_geo,antithetic,16384,3.013569802949219,0.0448920768718672,0.013369442770438056,1.2635913795459892,0.500144832718299,3.192401620516669,1.3447927695516846,0.9825267945792047,1.2860630229297296,0.7152367911274975,2.322337240536472,1.3687084942325982,0.16968391999253069
paper_asian_geo,antithetic,65536,3.001629178721437,0.020505554276668482,0.001428818542656085,1.0783780613321314,0.4268351492599057,2.7244692598039553,1.3624684076806486,0.9459791474099006,1.1399596537457937,0.46094749577134,2.871978566737729,1.4402731935593922,0.605957325012423
paper_asian_geo,plain,256,3.025938641954289,0.4502951177612792,0.025738281775507854,1.0,0.3958121595432235,2.5264509335792593,1.0,1.0,1.0,1.0,1.0,1.0,0.00281139998696739
paper_asian_geo,plain,1024,2.992303003245567,0.15363443452070502,-0.007897356933213917,1.0,0.3958121595432235,2.5264509335792593,1.0,1.0,1.0,1.0,1.0,1.0,0.01328728500520806
paper_asian_geo,plain,4096,2.9831844337611404,0.07897559035953491,-0.017015926417640603,1.0,0.3958121595432235,2.5264509335792593,1.0,1.0,1.0,1.0,1.0,1.0,0.037553690001368475
paper_asian_geo,plain,16384,2.995738807963943,0.04837936019479036,-0.004461552214837905,1.0,0.3958121595432235,2.5264509335792593,1.0,1.0,1.0,1.0,1.0,1.0,0.1727015700016636
paper_asian_geo,plain,65536,3.0110820162237566,0.02386719281441318,0.010881656044975596,1.0,0.3958121595432235,2.5264509335792593,1.0,1.0,1.0,1.0,1.0,1.0,0.6405609750188888
paper_asian_geo,rqmc,256,3.0024816376118073,0.0313290156523164,0.0022812774330263075,207.00872061489684,81.93656875086214,522.9973754565542,,6.554496006624114,31.58270603959319,14.58558099522161,72.32614011451288,,0.018427309987600844
paper_asian_geo,rqmc,1024,2.9996616686394075,0.011386083695093089,-0.0005386915393734704,181.9920944574371,72.0346839269925,459.79409694603675,,2.2581223320511348,80.59443541844213,32.94155696193718,173.03079009012245,,0.0300043150025885
paper_asian_geo,rqmc,4096,3.000449209694864,0.00337248068318092,0.00024884951608283856,525.7920724186348,208.1148956547268,1328.3878722306335,,2.455286551441717,214.1469280275639,92.24245006035345,484.5894503260547,,0.09220507001737129
paper_asian_geo,rqmc,16384,2.999932938049244,0.0012796447377432401,-0.0002674221295371204,1481.9237054493826,586.563422132216,3744.007529125828,,2.0007196806953047,740.6953206629994,344.6955362314095,1632.1016646395026,,0.34552742998930625
paper_asian_geo,rqmc,65536,2.999941329822004,0.0005670001645972104,-0.00025903035677687924,1773.7650436850265,702.0777724632505,4481.330350568292,,2.243073573085269,790.774348629713,358.1914203611865,1638.0416049308096,,1.4368253950146026
paper_barrier,antithetic,256,7.255397145640257,0.6044637256729731,0.16126388874406938,1.8197418766528646,0.7202759620092086,4.597488563142903,1.4992231636804276,1.082694537674144,1.6807528008426584,0.7860494563495903,3.4682860934695734,1.3847148124540047,0.00200141499517479
paper_barrier,antithetic,1024,7.123674177230548,0.3712903153992822,0.02954092033436062,1.1094807559524824,0.4391459739852002,2.8030486916643715,1.3813824409863735,0.8360739086614304,1.3270127729841268,0.5253707468832689,3.3489867866338145,1.652225271804011,0.00712039000936779
paper_barrier,antithetic,4096,7.073926772967264,0.15925234314632553,-0.020206483928923547,0.7260726511351471,0.28738838403107614,1.8343869273067603,1.4340703907416206,0.8235481277836028,0.8816396111411373,0.3872744815300198,2.105486140993964,1.7413316142204138,0.02788902499014506
paper_barrier,antithetic,16384,7.066879063284378,0.06294088488891414,-0.027254193611809363,3.315873540815093,1.312463066962257,8.377391802823057,1.4722666459211033,0.9948602782716961,3.3330042552061054,1.3146997554206474,9.662019333971523,1.4798727802046467,0.12229023999534543
paper_barrier,antithetic,65536,7.071893157467612,0.04857315526992711,-0.022240099428575633,1.1515895154779616,0.45581313302866644,2.909434406479383,1.4777982153450933,0.9850816830819453,1.1690294675615902,0.485536045552067,2.7526196017061966,1.50017835142526,0.47655400999938136
paper_barrier,control_variate,256,7.10078960291999,0.016510417399704075,0.006656346023802939,2705.220209723555,1070.7590532506524,6834.606124393556,2163.4825906527394,2.3500148638853244,1151.1502549609252,486.91021147155783,2962.2583002287724,920.6250666329031,0.004344119993038415
paper_barrier,control_variate,1024,7.094279948122221,0.007838886803102943,0.00014669122603372386,2474.186371782364,979.3130509275904,6250.910468838634,1503.36964459747,1.4428101571603407,1714.8384764991679,750.7691600873295,3491.221390982084,1041.9732888187584,0.01228763500694181
paper_barrier,control_variate,4096,7.094052801157142,0.004522132528961801,-8.045573904524872e-05,886.245176871678,350.786617342345,2239.054954487567,1504.1126314148737,1.1480244414280054,771.9741365168976,368.6810125791835,1735.5334870644572,1310.1747464051698,0.038877245003823134
paper_barrier,control_variate,16384,7.094899830137064,0.001973851656270767,0.0007665732408765891,3225.980541180202,1276.8823246489528,8150.281549973247,1592.406897632498,1.3022611691871044,2477.214722753285,1082.9203760531789,5146.736389710721,1222.8014896785319,0.16007657999289218
paper_barrier,control_variate,65536,7.094058337256733,0.0010470154123861835,-7.491963945405189e-05,1968.959335569927,779.3380466647233,4974.47915153024,1535.3609616438393,1.2292733881563187,1601.7261534661543,655.5240929716554,4276.380412793748,1248.9987796340365,0.5946868900035043
paper_barrier,importance,256,7.056721651091117,0.31349438882232966,-0.037411605805070636,6.374609402813344,2.523147913972088,16.105137876940898,4.911001522748711,46.20151452457006,0.1379740354490612,0.06123919162906413,0.3110009192044899,0.10629524969656634,0.08540580999688241
paper_barrier,importance,1024,7.114628823851957,0.17359379768930513,0.020495566955769817,5.114664788820693,2.0244465154028037,12.921949630661006,4.506629367584961,10.262599117957365,0.49837908799059666,0.21296287482845308,1.1937091311913035,0.439131385313426,0.08740101499715816
paper_barrier,importance,4096,7.110337137011728,0.10200522102073366,0.016203880115540414,1.7863147058131845,0.7070450813317346,4.513036456168081,4.510250729110769,3.221176615622457,0.5545534812185389,0.25066130915451135,1.3361171310045026,1.4001873437291215,0.10908345499192362
paper_barrier,importance,16384,7.0984563337966495,0.04076453506833231,0.004323076900462297,6.495821818993147,2.571125262183668,16.41137509895976,4.584192296336959,1.7875300624102426,3.6339650759408264,1.4601580265152307,10.366424583536249,2.5645399720750968,0.21972681501647454
paper_barrier,importance,65536,7.088506311668377,0.02413924496783942,-0.005626945227810154,3.896995391227165,1.5424781615316134,9.845567644319942,4.5904331532576945,1.38447300883659,2.8147861073159643,1.3438117178833213,5.7107449979982,3.3156537714773937,0.6697679750097449
paper_barrier,plain,256,7.104258118515714,0.7859191799433701,0.010124861619527081,1.0,0.3958121595432235,2.5264509335792593,1.0,1.0,1.0,1.0,1.0,1.0,0.0018485500069800403
paper_barrier,plain,1024,7.031146481135882,0.39490284852491375,-0.06298677576030531,1.0,0.3958121595432235,2.5264509335792593,1.0,1.0,1.0,1.0,1.0,1.0,0.008516460011014654
paper_barrier,plain,4096,6.993261027836449,0.16820494166359398,-0.10087222905973814,1.0,0.3958121595432235,2.5264509335792593,1.0,1.0,1.0,1.0,1.0,1.0,0.03386447500670324
paper_barrier,plain,16384,7.082714249733887,0.1039394431623963,-0.011419007162300154,1.0,0.3958121595432235,2.5264509335792593,1.0,1.0,1.0,1.0,1.0,1.0,0.12292202499811536
paper_barrier,plain,65536,7.088744904023957,0.046652300712074005,-0.005388352872230051,1.0,0.3958121595432235,2.5264509335792593,1.0,1.0,1.0,1.0,1.0,1.0,0.4837710599880666
paper_barrier,rqmc,256,7.080655646726174,0.04498045842088392,-0.013477610170013143,335.34312482376424,132.7328864244669,847.2279507803853,,10.117605650808873,33.14451426528514,13.804954554913726,84.96267650562729,,0.018702899996424036
paper_barrier,rqmc,1024,7.099683710629807,0.015696478858819085,0.005550453733619953,705.0126544845156,279.0525812768166,1781.1798791075962,,3.495683649467297,201.68090856618323,81.03180898384676,509.245363755991,,0.029770850011846
paper_barrier,rqmc,4096,7.0936761627240035,0.0042388247830820736,-0.0004570941721837585,1020.2151810582394,403.8135740134425,2577.523596636322,,2.459158749224061,414.8634899557209,187.87347587413896,1049.6188711651982,,0.08327812000061381
paper_barrier,rqmc,16384,7.094270185228003,0.001522549741001906,0.0001369283318153336,4641.634940555341,1837.2155496324915,11726.862928900151,,2.812025143689233,1650.6377800255914,704.4500963169411,3776.50048722139,,0.3456598250078969
paper_barrier,rqmc,65536,7.094252387927858,0.0006240510485741543,0.00011913103167060513,5722.630440708056,2265.086713004445,14457.945019455958,,2.532606776901494,2259.5811133812817,1065.1545327503914,5049.576237243502,,1.2252018649945966
