scenario,option_type,scheme,method,n_paths,n_reps,mean_price,exact_price,bias,var_across_reps,rmse,mean_std_error,mean_runtime_sec,efficiency,ci_coverage,continuous_price,rmse_vs_continuous,vrf_vs_plain,vrf_ci_low,vrf_ci_high,time_ratio_vs_plain,efficiency_ratio_vs_plain,efficiency_ci_low,efficiency_ci_high
deep_barrier,call,exact,plain,256,20,3.4307298228483853,3.3857296361568414,0.04500018669154393,0.24487306754395147,0.4968884023060161,0.7189088074817631,0.00310895864990921,1313.5422078263682,1.0,3.545320563728302,0.5079410452398582,1.0,0.3958121595432234,2.526450933579261,1.0,1.0,1.0,1.0
deep_barrier,call,exact,plain,1024,20,3.3665752756754954,3.3857296361568414,-0.019154360481346,0.13025294961727898,0.3614136676202608,0.3575392014220657,0.011777666249986347,651.8582852448578,0.95,3.545320563728302,0.40274412176760543,1.0,0.3958121595432234,2.526450933579261,1.0,1.0,1.0,1.0
deep_barrier,call,exact,plain,4096,20,3.3812139463554636,3.3857296361568414,-0.004515689801377842,0.03708636299010668,0.19263113570886964,0.17989154655099232,0.055268036249981334,487.8785467294904,0.9,3.545320563728302,0.2530164912721341,1.0,0.3958121595432234,2.526450933579261,1.0,1.0,1.0,1.0
deep_barrier,call,exact,plain,16384,20,3.4092998250622863,3.3857296361568414,0.023570188905444933,0.004710243745691897,0.07256581530397255,0.09024014641979398,0.20884539084997863,1016.5569723735553,1.0,3.545320563728302,0.15235447185081388,1.0,0.3958121595432234,2.526450933579261,1.0,1.0,1.0,1.0
deep_barrier,call,exact,plain,65536,20,3.3966030877966653,3.3857296361568414,0.010873451639823895,0.002786215356481124,0.053892924461794736,0.04506840611889296,0.8254346137000084,434.81312190270955,0.9,3.545320563728302,0.15780717031858243,1.0,0.3958121595432234,2.526450933579261,1.0,1.0,1.0,1.0
deep_barrier,call,exact,rqmc,256,20,3.4032751379780217,3.3857296361568414,0.01754550182118031,0.050795137112517666,0.22605968624828865,,0.03714969644995557,529.9349874814767,,3.545320563728302,0.2664057808852805,4.820797451565621,1.9081302500246564,12.179508222104486,11.949241091077374,0.4034396339333518,0.20554951835005758,0.9486770487315916
deep_barrier,call,exact,rqmc,1024,20,3.385425230335863,3.3857296361568414,-0.0003044058209784595,0.007973581146050452,0.08929542994439467,,0.055471551550067444,2260.873525259975,,3.545320563728302,0.18313956095483494,16.335564563959707,6.465815087418646,41.27100234316029,4.7098933161000165,3.4683512911256806,1.1583159435280423,7.801155343921631
deep_barrier,call,exact,rqmc,4096,20,3.373895543732057,3.3857296361568414,-0.011834092424784615,0.0016893302721265907,0.04277120544998627,,0.12453611275002456,4753.244232272884,,3.545320563728302,0.17628348689777973,21.9532933269591,8.689380440829517,55.463918421035174,2.2533117005775036,9.742679328977284,3.6242890710570244,21.263786675601487
deep_barrier,call,exact,rqmc,16384,20,3.3874364509026194,3.3857296361568414,0.0017068147457779403,0.00035998603991989385,0.019049914868479043,,0.4187771821500291,6633.325828213989,,3.545320563728302,0.15902005886891377,13.084517796134671,5.179011245469802,33.05739220147889,2.005201936445187,6.5252868343678365,2.7276303798503325,19.92436471983606
deep_barrier,call,exact,rqmc,65536,20,3.3845429436674577,3.3857296361568414,-0.001186692489383745,6.120328723954768e-05,0.007912744549390399,,1.5231454735999932,10727.137983159912,,3.545320563728302,0.16096784275024867,45.52394948290878,18.018932755766734,115.01402467131001,1.8452648439014423,24.670685963244996,8.604965726719994,62.28190168425783
deep_barrier,call,exact,rqmc_incremental,256,20,3.3468476221989527,3.3857296361568414,-0.038882013957888706,0.436811084974063,0.6620595864297144,,0.03308562464999336,69.19377270242526,,3.545320563728302,0.6900743391065745,0.560592613070915,0.2218893728035775,1.4163097306506507,10.642027886398408,0.0526772358666161,0.027405672944418334,0.10431204100383633
deep_barrier,call,exact,rqmc_incremental,1024,20,3.3448185247992677,3.3857296361568414,-0.04091111135757375,0.054648014207966646,0.23732200327925443,,0.045444798649964424,402.6627277151532,,3.545320563728302,0.30797578122746383,2.383489162508133,0.9434139926602131,6.021768419794724,3.8585571780841645,0.6177151335338184,0.18645149898029356,1.820818998120595
deep_barrier,call,exact,rqmc_incremental,4096,20,3.4092817202052585,3.3857296361568414,0.023552084048417132,0.009180488158651521,0.09866706046941516,,0.0952841728999601,1143.176943647949,,3.545320563728302,0.1663942760606225,4.039694006375596,1.5989600085573408,10.206088693782169,1.7240376059135318,2.343158868762057,0.7910606091490494,7.943643914760974
deep_barrier,call,exact,rqmc_incremental,16384,20,3.4037349361734366,3.3857296361568414,0.01800530001659517,0.00228020308586822,0.05103326282490491,,0.294874561450024,1487.2677573667913,,3.545320563728302,0.14942119332937112,2.0657123810085563,0.8176340785221705,5.218920973505305,1.4119275520034977,1.463044175373836,0.7458605857454381,2.9529562252716572
deep_barrier,call,exact,rqmc_incremental,65536,20,3.377617580142612,3.3857296361568414,-0.008112056014229374,0.0006086938808987851,0.025971124998289543,,1.0531295709999768,1559.9808121867964,,3.545320563728302,0.16950806642883107,4.5773671198518615,1.81177756473071,11.564493433284747,1.275848569372838,3.5877040816073755,1.2918781538924466,8.958079494530232
paper_asian_geo,call,exact,plain,256,20,3.0648236035600793,3.000200360178781,0.06462324338129832,0.18377157071504746,0.4335293926600202,0.37155414432768247,0.003661708300069175,1486.0654191189258,0.85,3.000200360178781,0.4335293926600202,1.0,0.3958121595432234,2.526450933579261,1.0,1.0,1.0,1.0
paper_asian_geo,call,exact,plain,1024,20,3.0169184376662512,3.000200360178781,0.01671807748747023,0.026328175569705393,0.16311857553504583,0.18395842041235153,0.017222633400024227,2205.3609346141034,1.0,3.000200360178781,0.16311857553504583,1.0,0.3958121595432234,2.526450933579261,1.0,1.0,1.0,1.0
paper_asian_geo,call,exact,plain,4096,20,3.01013437483109,3.000200360178781,0.009934014652309031,0.010713550714576595,0.10398189920216347,0.09208965007032055,0.06231837540001376,1497.788346335778,0.9,3.000200360178781,0.10398189920216347,1.0,0.3958121595432234,2.526450933579261,1.0,1.0,1.0,1.0
paper_asian_geo,call,exact,plain,16384,20,2.9977990656654203,3.000200360178781,-0.0024012945133606856,0.001371586840288007,0.037112707468303946,0.04588497596294801,0.25127188789999766,2901.5682313105353,1.0,3.000200360178781,0.037112707468303946,1.0,0.3958121595432234,2.526450933579261,1.0,1.0,1.0,1.0
paper_asian_geo,call,exact,plain,65536,20,3.0001949448654357,3.000200360178781,-5.4153133453027635e-06,0.00031243024945177113,0.017675697405686423,0.022944071447913807,0.9668915243500124,3310.3138505862817,1.0,3.000200360178781,0.017675697405686423,1.0,0.3958121595432234,2.526450933579261,1.0,1.0,1.0,1.0
paper_asian_geo,call,exact,rqmc,256,20,3.005380436205587,3.000200360178781,0.005180076026805924,0.0008208886502599389,0.029115663102588413,,0.037983942599953434,32071.236762021603,,3.000200360178781,0.029115663102588413,223.8690602639654,88.61009619799216,565.5941963034072,10.373284676782108,21.581308837020337,4.748212241280434,54.94818293289293
paper_asian_geo,call,exact,rqmc,1024,20,2.9987720400952833,3.000200360178781,-0.0014283200834976917,0.00011406864718234524,0.010775376812124395,,0.055024406000006784,159322.95253914036,,3.000200360178781,0.010775376812124395,230.80992209558076,91.35737370865498,583.1299431577365,3.1948892322082045,72.24348179860131,27.09965328279793,152.84069170380835
paper_asian_geo,call,exact,rqmc,4096,20,3.0005189115601865,3.000200360178781,0.000318551381405463,1.0733934331034384e-05,0.0032917182919608586,,0.1374126139499594,677976.2256520591,,3.000200360178781,0.0032917182919608586,998.1010116301107,395.06051685559004,2521.653232639298,2.205009566888181,452.6515560831241,165.42857311228656,1211.3329727164096
paper_asian_geo,call,exact,rqmc,16384,20,3.000078466796949,3.000200360178781,-0.00012189338183210552,2.112032591480466e-06,0.0014583862958814902,,0.4318569132500215,1096375.969574583,,3.000200360178781,0.0014583862958814902,649.4155657543947,257.0465775222312,1640.7165623810945,1.7186837606835426,377.8563460075481,162.5966521034309,890.3038445114261
paper_asian_geo,call,exact,rqmc,65536,20,3.0001791317304454,3.000200360178781,-2.1228448335630645e-05,2.9690654355168207e-07,0.0005453046768279368,,1.6386348816999772,2055407.9660565828,,3.000200360178781,0.0005453046768279368,1052.2848224036763,416.5071280101564,2658.545971953055,1.6947453157183694,620.9102999984592,303.2145618559796,1372.1651721536543
paper_asian_geo,call,exact,rqmc_incremental,256,20,2.9860738507064593,3.000200360178781,-0.014126509472321747,0.04134126544422937,0.20381566111096802,,0.03578908560002669,675.8738310155402,,3.000200360178781,0.20381566111096802,4.4452333217269535,1.7594774007462417,11.2306638756547,9.773876744728843,0.45480758943725336,0.10435907954771478,1.1078398516882337
paper_asian_geo,call,exact,rqmc_incremental,1024,20,3.006734698401514,3.000200360178781,0.006534338222733194,0.00303710568023623,0.055495975135547465,,0.05015921674992109,6564.314039456117,,3.000200360178781,0.055495975135547465,8.668837485976962,3.4312312860537886,21.901392559493388,2.9124011168843977,2.9765259447677432,1.1336691634098817,7.828025489718812
paper_asian_geo,call,exact,rqmc_incremental,4096,20,2.994705308916947,3.000200360178781,-0.0054950512618341385,0.0005589153117003956,0.02427160687038624,,0.09875463055009275,18117.427160517804,,3.000200360178781,0.02427160687038624,19.16846880072513,7.587113031151915,48.428195896876936,1.5846791562873594,12.096119725354168,4.9093452668066515,30.157289227986535
paper_asian_geo,call,exact,rqmc_incremental,16384,20,3.001558274619268,3.000200360178781,0.0013579144404869403,0.00017118355499806703,0.013153991281194845,,0.3220712351000657,18137.858941380076,,3.000200360178781,0.013153991281194845,8.01237502225897,3.1713954606305057,20.242872355173326,1.2817639004178816,6.251053739028515,2.659375309643079,14.758853453365758
paper_asian_geo,call,exact,rqmc_incremental,65536,20,2.999731143783138,3.000200360178781,-0.0004692163956430129,3.940394370056295e-05,0.006294768282193012,,1.2063260701499758,21037.57109063026,,3.000200360178781,0.006294768282193012,7.928908127216403,3.1383582486533395,20.03199734027007,1.2476333071188332,6.355159069556001,3.0347291067293396,13.927719125189524
paper_barrier,call,exact,plain,256,20,7.096841751773857,7.094133256896187,0.002708494877669665,0.7201739525059727,0.8486349559442359,0.7707817150340219,0.0034112384500530855,407.05258038669473,0.95,7.1055282627933245,0.8486750897603064,1.0,0.3958121595432234,2.526450933579261,1.0,1.0,1.0,1.0
paper_barrier,call,exact,plain,1024,20,6.914444261447899,7.094133256896187,-0.17968899544828787,0.1319933804947027,0.40531656218308854,0.382867564864023,0.012577807899924614,602.3416450957452,0.9,7.1055282627933245,0.41049540322015926,1.0,0.3958121595432234,2.526450933579261,1.0,1.0,1.0,1.0
paper_barrier,call,exact,plain,4096,20,7.053665554522165,7.094133256896187,-0.04046770237402253,0.018742994854097743,0.14276074316677612,0.19453396300579612,0.05293318080000513,1007.9361512480527,1.0,7.1055282627933245,0.14639923279620412,1.0,0.3958121595432234,2.526450933579261,1.0,1.0,1.0,1.0
paper_barrier,call,exact,plain,16384,20,7.084632155265671,7.094133256896187,-0.00950110163051665,0.011105123304979932,0.105808290021025,0.097763784902809,0.2211661594500128,407.15328061544864,0.9,7.1055282627933245,0.10743263291378094,1.0,0.3958121595432234,2.526450933579261,1.0,1.0,1.0,1.0
paper_barrier,call,exact,plain,65536,20,7.082773424194864,7.094133256896187,-0.011359832701323569,0.0019075998131160758,0.04512921018717408,0.04896300806547384,0.8363906317500323,626.7633152206453,0.95,7.1055282627933245,0.049248172481403604,1.0,0.3958121595432234,2.526450933579261,1.0,1.0,1.0,1.0
paper_barrier,call,exact,rqmc,256,20,7.1087246744224,7.094133256896187,0.014591417526212958,0.0028376107629571614,0.05523151481157688,,0.03921282474996129,8987.089129710292,,7.1055282627933245,0.05336504296128367,253.7958912149943,100.4554997850039,641.2028662987029,11.495187253576795,22.07844775525725,7.930523332883179,62.22587037726631
paper_barrier,call,exact,rqmc,1024,20,7.0972048596250605,7.094133256896187,0.0030716027288733017,0.0002088053676321013,0.014772952005476875,,0.053939166950044595,88787.96589859719,,7.1055282627933245,0.016675863034145127,632.1359550836102,250.2070975065618,1597.0604738700047,4.288439398916872,147.4046608291278,65.91819719329916,342.0890515317572
paper_barrier,call,exact,rqmc,4096,20,7.095005953537111,7.094133256896187,0.0008726966409238202,1.2545771182712218e-05,0.0036479268920569033,,0.12491912885000145,638077.8819999393,,7.1055282627933245,0.011102466539742752,1493.9691296080032,591.3311474810536,3774.4397022367357,2.3599399651038797,633.053870733632,258.7246226671281,1347.1461182208175
paper_barrier,call,exact,rqmc,16384,20,7.094674868525081,7.094133256896187,0.0005416116288934347,2.882370178211356e-06,0.0017820531234404757,,0.41579100749995634,834401.6453045773,,7.1055282627933245,0.010985378342149143,3852.774840971736,1524.9751300388218,9733.846593843731,1.8799937953162855,2049.3550832828964,666.5439308569809,7392.327216685283
paper_barrier,call,exact,rqmc,65536,20,7.094456120256083,7.094133256896187,0.000322863359896175,2.7298979756762633e-07,0.0006141909692685765,,1.551267431749943,2361385.590427538,,7.1055282627933245,0.011084463458487796,6987.8062481200095,2765.8586815380104,17654.34961923379,1.8547164122392543,3767.587433856491,1729.3333740188027,8953.87714383568
paper_barrier,call,exact,rqmc_incremental,256,20,7.115749754665863,7.094133256896187,0.021616497769676002,0.2515438802356219,0.5020071246620393,,0.03588730740000297,110.77592096481929,,7.1055282627933245,0.5016456509646249,2.863015199699486,1.1332162289981267,7.23326742413238,10.52031627969147,0.2721415519822613,0.10041488358350276,0.7011675694980121
paper_barrier,call,exact,rqmc_incremental,1024,20,7.115858016721617,7.094133256896187,0.021724759825429985,0.035326821561916376,0.18920567314800313,,0.05035690450001762,562.1295419763028,,7.1055282627933245,0.18823794882577596,3.7363503043533486,1.4788928827760788,9.439705714612673,4.003631228961561,0.9332403737200496,0.47628142663398776,1.9647790649728867
paper_barrier,call,exact,rqmc_incremental,4096,20,7.094600033336384,7.094133256896187,0.000466776440196881,0.006728755181805102,0.08203031794434436,,0.09684247915006376,1534.6147706128409,,7.1055282627933245,0.08275373937695288,2.785507028815636,1.1025375524983447,7.037446833442857,1.8295231400500758,1.5225317285352262,0.5772414575665611,4.929062901585461
paper_barrier,call,exact,rqmc_incremental,16384,20,7.0975978333058976,7.094133256896187,0.003464576409710318,0.00021281871426472553,0.01499406562488796,,0.29758302845000345,15789.99620799509,,7.1055282627933245,0.016604530289043903,52.18114085195652,20.653930048042024,131.83309202065647,1.3455179092046499,38.78145396281002,13.649428579818828,95.39790899533473
paper_barrier,call,exact,rqmc_incremental,65536,20,7.096032310098823,7.094133256896187,0.0018990532026359475,7.667445874935047e-05,0.008959958806590146,,1.0961479490499415,11898.168237008778,,7.1055282627933245,0.012916949188007102,24.87920807308256,9.847493075132006,62.85609846295212,1.3105693768429745,18.983510917227434,8.47108896151289,43.50585810248178
