scheme,metric,n_steps,dt,n_reps,total_paths,mean,se,resolved,analytic,mean_within_se,path_time_sec
exact,price_barrier,4,0.25,20,1310720,6.98509372782146,0.007906321453005424,True,,0.04918997962925325,0.01930414639994064
exact,price_barrier,8,0.125,20,1310720,7.022651896426227,0.007898004487038047,True,,0.04912988499841716,0.01793057059990127
exact,price_barrier,16,0.0625,20,1310720,7.047423120749201,0.007935321078641006,True,,0.04908992379263285,0.028567706199964904
exact,price_barrier,32,0.03125,20,1310720,7.064368172763127,0.007925417827639288,True,,0.04906250867995775,0.04441419919980939
exact,price_barrier,64,0.015625,20,1310720,7.075670346583793,0.00798106835713766,True,,0.049044155754913644,0.08236034039980492
exact,price_barrier,128,0.0078125,20,1310720,7.083426107526533,0.007961258113975127,True,,0.049031541811700156,0.16146050100007864
exact,price_barrier,256,0.00390625,20,1310720,7.088528759850886,0.007995131662284083,True,,0.04902322700390571,0.3081144516999984
exact,price_barrier,512,0.001953125,20,1310720,7.092166310805018,0.007957591576958389,True,,0.04901727342900888,0.640754477249834
exact,price_call,4,0.25,20,1310720,7.122657489039424,0.00799760655415541,True,,0.0489639737612836,0.01930414639994064
exact,price_call,8,0.125,20,1310720,7.122657489039429,0.007997606554155393,True,,0.048963973761283607,0.01793057059990127
exact,price_call,16,0.0625,20,1310720,7.122657489039424,0.00799760655415541,True,,0.0489639737612836,0.028567706199964904
exact,price_call,32,0.03125,20,1310720,7.122657489039428,0.007997606554155335,True,,0.048963973761283607,0.04441419919980939
exact,price_call,64,0.015625,20,1310720,7.122657489039423,0.007997606554155315,True,,0.04896397376128359,0.08236034039980492
exact,price_call,128,0.0078125,20,1310720,7.122657489039423,0.007997606554155288,True,,0.0489639737612836,0.16146050100007864
exact,price_call,256,0.00390625,20,1310720,7.122657489039421,0.00799760655415535,True,,0.04896397376128358,0.3081144516999984
exact,price_call,512,0.001953125,20,1310720,7.122657489039421,0.007997606554155365,True,,0.04896397376128359,0.640754477249834
euler_maruyama,strong_abs_terminal,4,0.25,20,1310720,1.1098803674014754,0.0007299486922283851,True,,0.00388028685725895,0.011705607849876235
euler_maruyama,strong_abs_terminal,8,0.125,20,1310720,0.8022705836474715,0.0005380926569697128,True,,0.0026435745022746647,0.010912765999933027
euler_maruyama,strong_abs_terminal,16,0.0625,20,1310720,0.5750733690161087,0.00042211324212866147,True,,0.0018386794895820502,0.017967363599996077
euler_maruyama,strong_abs_terminal,32,0.03125,20,1310720,0.40859059164148775,0.00025034333727223524,True,,0.0012892154257738452,0.03515168734982121
euler_maruyama,strong_abs_terminal,64,0.015625,20,1310720,0.2895717576050667,0.00020105360474698692,True,,0.000908319894631345,0.06667519205000186
euler_maruyama,strong_abs_terminal,128,0.0078125,20,1310720,0.20487684715851198,0.00016049726886839346,True,,0.00063986115889313,0.12809229280010181
euler_maruyama,strong_abs_terminal,256,0.00390625,20,1310720,0.14499598575828104,8.352964692309514e-05,True,,0.000452610224047435,0.24963262880003184
euler_maruyama,strong_abs_terminal,512,0.001953125,20,1310720,0.10277943833682571,5.9538943721771016e-05,True,,0.000320536965598555,0.5360398040999371
milstein,strong_abs_terminal,4,0.25,20,1310720,0.1204902551065338,0.00013128848389829762,True,,0.0005339625462160199,0.009376951450053597
milstein,strong_abs_terminal,8,0.125,20,1310720,0.06432806020564327,6.279567438681981e-05,True,,0.000254722124002465,0.013928003549835874
milstein,strong_abs_terminal,16,0.0625,20,1310720,0.033461700245980434,2.3160690432125923e-05,True,,0.00012319739675163,0.02460060530002007
milstein,strong_abs_terminal,32,0.03125,20,1310720,0.017126102128486982,1.2267882266223947e-05,True,,6.0280451695669304e-05,0.04924641549998792
milstein,strong_abs_terminal,64,0.015625,20,1310720,0.008666345069623976,7.1466832908912555e-06,True,,2.9701374813990414e-05,0.09503035710008587
milstein,strong_abs_terminal,128,0.0078125,20,1310720,0.0043610406914912445,3.2351408488963634e-06,True,,1.4728405708141787e-05,0.19076040729992197
milstein,strong_abs_terminal,256,0.00390625,20,1310720,0.0021899601047180453,1.4968678561172542e-06,True,,7.341804753813025e-06,0.3578097054499949
milstein,strong_abs_terminal,512,0.001953125,20,1310720,0.001096965331606515,6.058988967761819e-07,True,,3.6584254407713526e-06,0.7717136157500818
euler_maruyama,weak_barrier,4,0.25,20,1310720,-0.05954229508111294,0.0012954246283062541,True,,0.004747969788593735,0.011705607849876235
euler_maruyama,weak_barrier,8,0.125,20,1310720,-0.026285145210886634,0.0009767798415187454,True,,0.0033807802468743,0.010912765999933027
euler_maruyama,weak_barrier,16,0.0625,20,1310720,-0.012834570840987219,0.0005680879500742897,True,,0.00242982879967384,0.017967363599996077
euler_maruyama,weak_barrier,32,0.03125,20,1310720,-0.0062425466233630095,0.0003767473698016271,True,,0.001745145872619315,0.03515168734982121
euler_maruyama,weak_barrier,64,0.015625,20,1310720,-0.00325754217374088,0.00027500287699185917,True,,0.0012551263625290101,0.06667519205000186
euler_maruyama,weak_barrier,128,0.0078125,20,1310720,-0.00139275408539631,0.00020841363690026472,True,,0.00091568581563404,0.12809229280010181
euler_maruyama,weak_barrier,256,0.00390625,20,1310720,-0.0007827781348907429,0.000209608188528328,True,,0.0006711089152175849,0.24963262880003184
euler_maruyama,weak_barrier,512,0.001953125,20,1310720,-0.0004011486946810825,0.00011235779490785088,True,,0.0004929750791361249,0.5360398040999371
milstein,weak_barrier,4,0.25,20,1310720,-0.06255087297963371,0.00015388277889640328,True,,0.0006746608149581599,0.009376951450053597
milstein,weak_barrier,8,0.125,20,1310720,-0.03223155837626643,9.902820511889018e-05,True,,0.00039786519362461,0.013928003549835874
milstein,weak_barrier,16,0.0625,20,1310720,-0.016340656193858657,4.9317449801746125e-05,True,,0.00022665544090772995,0.02460060530002007
milstein,weak_barrier,32,0.03125,20,1310720,-0.008214699125003808,4.051850144552723e-05,True,,0.00014489534448044151,0.04924641549998792
milstein,weak_barrier,64,0.015625,20,1310720,-0.0041505376659317144,2.9696374235228535e-05,True,,9.750748813982142e-05,0.09503035710008587
milstein,weak_barrier,128,0.0078125,20,1310720,-0.0020593651924526247,1.3062581558105383e-05,True,,4.5831977789550786e-05,0.19076040729992197
milstein,weak_barrier,256,0.00390625,20,1310720,-0.001035694594596385,8.874973544619034e-06,True,,3.286948507557891e-05,0.3578097054499949
milstein,weak_barrier,512,0.001953125,20,1310720,-0.000517689427503615,4.632764896366357e-06,True,,1.2242145965942797e-05,0.7717136157500818
euler_maruyama,weak_call,4,0.25,20,1310720,-0.0534545419963765,0.0012145367764177318,True,,0.00423672105270261,0.011705607849876235
euler_maruyama,weak_call,8,0.125,20,1310720,-0.02336857707610427,0.0008624483125753094,True,,0.00299502324528038,0.010912765999933027
euler_maruyama,weak_call,16,0.0625,20,1310720,-0.01132076320426864,0.00046372358361692744,True,,0.002131809004837915,0.017967363599996077
euler_maruyama,weak_call,32,0.03125,20,1310720,-0.0054450366781340805,0.0003119038949234435,True,,0.0015107887335794,0.03515168734982121
euler_maruyama,weak_call,64,0.015625,20,1310720,-0.00270767625065001,0.00023104288712537,True,,0.001070297802507675,0.06667519205000186
euler_maruyama,weak_call,128,0.0078125,20,1310720,-0.00124767127866939,0.0001909826313327041,True,,0.0007564398822309051,0.12809229280010181
euler_maruyama,weak_call,256,0.00390625,20,1310720,-0.0007134663209808457,0.00016134455205411217,True,,0.0005364483849937251,0.24963262880003184
euler_maruyama,weak_call,512,0.001953125,20,1310720,-0.00040357164165626006,7.98883383105709e-05,True,,0.000380251723551935,0.5360398040999371
milstein,weak_call,4,0.25,20,1310720,-0.06162880932098909,0.00011806527156119594,True,,0.00050473342690159,0.009376951450053597
milstein,weak_call,8,0.125,20,1310720,-0.03175342447762541,6.0283024496251746e-05,True,,0.00025457226040253,0.013928003549835874
milstein,weak_call,16,0.0625,20,1310720,-0.01610622996149257,2.2648784249671284e-05,True,,0.00012819330851454998,0.02460060530002007
milstein,weak_call,32,0.03125,20,1310720,-0.008115661391613165,1.3030814787079802e-05,True,,6.444558404725519e-05,0.04924641549998792
milstein,weak_call,64,0.015625,20,1310720,-0.004073344110632335,5.951739234991083e-06,True,,3.2256637159862846e-05,0.09503035710008587
milstein,weak_call,128,0.0078125,20,1310720,-0.0020396805664244398,2.7052711344976584e-06,True,,1.6143018155374693e-05,0.19076040729992197
milstein,weak_call,256,0.00390625,20,1310720,-0.00102248925114437,1.5716603593014376e-06,True,,8.087527025851106e-06,0.3578097054499949
milstein,weak_call,512,0.001953125,20,1310720,-0.000511629800040595,5.842949266413892e-07,True,,4.041727987412159e-06,0.7717136157500818
euler_maruyama,weak_terminal_mean,4,0.25,20,1310720,-0.010907638324313008,0.0016175455756551624,True,-0.0115343289454301,0.0058181648490167204,0.011705607849876235
euler_maruyama,weak_terminal_mean,8,0.125,20,1310720,-0.0042995401835176595,0.001106150684002614,True,-0.0057816944137982,0.00409991044563266,0.010912765999933027
euler_maruyama,weak_terminal_mean,16,0.0625,20,1310720,-0.002145100924583474,0.0006961224770749117,True,-0.0028944951184826,0.0029029077029706055,0.017967363599996077
euler_maruyama,weak_terminal_mean,32,0.03125,20,1310720,-0.000977811463572596,0.00048013132855909303,False,-0.0014481614756078,0.0020516934024244703,0.03515168734982121
euler_maruyama,weak_terminal_mean,64,0.015625,20,1310720,-0.0005031066121857849,0.00036648975283444285,False,-0.0007243094598123,0.0014506922134198152,0.06667519205000186
euler_maruyama,weak_terminal_mean,128,0.0078125,20,1310720,-0.00039160281229505556,0.00031953199326489976,False,-0.0003622119407822,0.0010246379413087698,0.12809229280010181
euler_maruyama,weak_terminal_mean,256,0.00390625,20,1310720,-0.00029149881283051487,0.00027034975478295665,False,-0.0001811202798052,0.00072500957855539,0.24963262880003184
euler_maruyama,weak_terminal_mean,512,0.001953125,20,1310720,-0.00014605410885570793,0.00014064439491754026,False,-9.056371841609234e-05,0.00051374009863315,0.5360398040999371
milstein,weak_terminal_mean,4,0.25,20,1310720,-0.011584569333605372,0.00015188238853471866,True,-0.0115343289454301,0.0007103481431858499,0.009376951450053597
milstein,weak_terminal_mean,8,0.125,20,1310720,-0.005803248081840179,8.152130392827248e-05,True,-0.0057816944137982,0.00035708886627851494,0.013928003549835874
milstein,weak_terminal_mean,16,0.0625,20,1310720,-0.0028881540499221046,3.532714480184029e-05,True,-0.0028944951184826,0.00017926359295009,0.02460060530002007
milstein,weak_terminal_mean,32,0.03125,20,1310720,-0.0014372337908711698,2.0656843448482376e-05,True,-0.0014481614756078,8.987570868407147e-05,0.04924641549998792
milstein,weak_terminal_mean,64,0.015625,20,1310720,-0.00072457328812409,7.784375079810834e-06,True,-0.0007243094598123,4.49465106521126e-05,0.09503035710008587
milstein,weak_terminal_mean,128,0.0078125,20,1310720,-0.0003621522540843,3.832881944348067e-06,True,-0.0003622119407822,2.2475066376950253e-05,0.19076040729992197
milstein,weak_terminal_mean,256,0.00390625,20,1310720,-0.00018209668806843496,2.2369068563322826e-06,True,-0.0001811202798052,1.1250615677521654e-05,0.3578097054499949
milstein,weak_terminal_mean,512,0.001953125,20,1310720,-9.119042297044289e-05,1.014854411700845e-06,True,-9.056371841609234e-05,5.623051470225105e-06,0.7717136157500818
