run_id,timestamp,person,experiment_id,scenario,option_type,scheme,method,method_params,n_paths,n_steps,replicate_id,seed,machine_id,price,std_error,ci_low,ci_high,exact_price,abs_error,runtime_sec,extra_json
331ea6b35aa8,2026-09-24T16:13:31,aritra,barrier_bias,paper_barrier,call,exact,control_variate,{},65536,12,0,1120875587,JARVIS_AMD64,7.043187540441242,0.0020901127746619634,7.0390909946792775,7.047284086203206,7.1055282627933245,0.06234072235208288,0.0196736999996574,"{""control"": ""european_terminal"", ""control_mean"": 7.1280646692617395, ""b_hat"": 1.0019165546643822, ""rho"": 0.9990788312938983, ""pilot_rho"": 0.999173849199086, ""pilot_paths"": 6554, ""total_paths_simulated"": 72090, ""plain_std_error"": 0.04870625509818686, ""observed_vrf"": 543.0377719869839, ""theoretical_vrf"": 543.0388537744506}"
adcecece0d8e,2026-09-24T16:13:31,aritra,barrier_bias,paper_barrier,call,exact,control_variate,{},65536,12,1,1109384810,JARVIS_AMD64,7.04320582627842,0.0020861191575349486,7.039117107862193,7.0472945446946476,7.1055282627933245,0.06232243651490421,0.019335899999532558,"{""control"": ""european_terminal"", ""control_mean"": 7.1280646692617395, ""b_hat"": 1.0021112647995687, ""rho"": 0.9991031372174962, ""pilot_rho"": 0.9989763141618405, ""pilot_paths"": 6554, ""total_paths_simulated"": 72090, ""plain_std_error"": 0.04926706665297364, ""observed_vrf"": 557.7443606310725, ""theoretical_vrf"": 557.7489957712521}"
f9c3c82bafe0,2026-09-24T16:13:31,aritra,barrier_bias,paper_barrier,call,exact,control_variate,{},65536,12,2,315997598,JARVIS_AMD64,7.044061002827075,0.0020700118464798975,7.040003854160402,7.048118151493747,7.1055282627933245,0.0614672599662498,0.016451499999675434,"{""control"": ""european_terminal"", ""control_mean"": 7.1280646692617395, ""b_hat"": 1.002093775704912, ""rho"": 0.9990963378479099, ""pilot_rho"": 0.9991662664611399, ""pilot_paths"": 6554, ""total_paths_simulated"": 72090, ""plain_std_error"": 0.048702542482276186, ""observed_vrf"": 553.5509569816927, ""theoretical_vrf"": 553.5542420392729}"
843bf0f765fc,2026-09-24T16:13:31,aritra,barrier_bias,paper_barrier,call,exact,control_variate,{},65536,12,3,777989788,JARVIS_AMD64,7.040451916637174,0.0020918576372615026,7.036351951007356,7.044551882266992,7.1055282627933245,0.06507634615615032,0.01894330000050104,"{""control"": ""european_terminal"", ""control_mean"": 7.1280646692617395, ""b_hat"": 1.0021090715994345, ""rho"": 0.9991010149220363, ""pilot_rho"": 0.999095630330266, ""pilot_paths"": 6554, ""total_paths_simulated"": 72090, ""plain_std_error"": 0.04934447241038455, ""observed_vrf"": 556.4328606430882, ""theoretical_vrf"": 556.4328703539101}"
01f68a7e0815,2026-09-24T16:13:31,aritra,barrier_bias,paper_barrier,call,exact,control_variate,{},65536,12,4,1386810175,JARVIS_AMD64,7.048394915287018,0.0020312897158790127,7.0444136606017285,7.052376169972307,7.1055282627933245,0.05713334750630672,0.018902900000284717,"{""control"": ""european_terminal"", ""control_mean"": 7.1280646692617395, ""b_hat"": 1.0019030086048633, ""rho"": 0.9991361005120613, ""pilot_rho"": 0.9991266004417018, ""pilot_paths"": 6554, ""total_paths_simulated"": 72090, ""plain_std_error"": 0.04887857893674802, ""observed_vrf"": 579.0197834107196, ""theoretical_vrf"": 579.0211421424762}"
216e516a508d,2026-09-24T16:13:31,aritra,barrier_bias,paper_barrier,call,exact,control_variate,{},65536,12,5,1458904899,JARVIS_AMD64,7.0402474574037415,0.0021120218962587907,7.036107970552514,7.044386944254969,7.1055282627933245,0.06528080538958303,0.01921680000032211,"{""control"": ""european_terminal"", ""control_mean"": 7.1280646692617395, ""b_hat"": 1.002170958762348, ""rho"": 0.9990742119135784, ""pilot_rho"": 0.9990997840386049, ""pilot_paths"": 6554, ""total_paths_simulated"": 72090, ""plain_std_error"": 0.04909383304102078, ""observed_vrf"": 540.3274729768848, ""theoretical_vrf"": 540.3305157448939}"
9f4bcceef9c3,2026-09-24T16:13:31,aritra,barrier_bias,paper_barrier,call,exact,control_variate,{},65536,12,6,1574580891,JARVIS_AMD64,7.044494997521579,0.0020648088966582863,7.040448046449171,7.0485419485939875,7.1055282627933245,0.06103326527174513,0.01872559999992518,"{""control"": ""european_terminal"", ""control_mean"": 7.1280646692617395, ""b_hat"": 1.0020447667262151, ""rho"": 0.9991231986892379, ""pilot_rho"": 0.9991933349438371, ""pilot_paths"": 6554, ""total_paths_simulated"": 72090, ""plain_std_error"": 0.04931830021772658, ""observed_vrf"": 570.501084579724, ""theoretical_vrf"": 570.5047316052095}"
73e3c3a71618,2026-09-24T16:13:31,aritra,barrier_bias,paper_barrier,call,exact,control_variate,{},65536,12,7,2887912068,JARVIS_AMD64,7.043296841203604,0.0020842688264433207,7.0392117493696755,7.047381933037533,7.1055282627933245,0.06223142158972017,0.018879300000662624,"{""control"": ""european_terminal"", ""control_mean"": 7.1280646692617395, ""b_hat"": 1.002039180776615, ""rho"": 0.9990811622531475, ""pilot_rho"": 0.9990670952374289, ""pilot_paths"": 6554, ""total_paths_simulated"": 72090, ""plain_std_error"": 0.048631613617709644, ""observed_vrf"": 544.4147632594269, ""theoretical_vrf"": 544.4158304679919}"
b0d4be5cb58f,2026-09-24T16:13:31,aritra,barrier_bias,paper_barrier,call,exact,control_variate,{},65536,12,8,568052132,JARVIS_AMD64,7.040341144275806,0.0021289249180036995,7.036168528110729,7.044513760440883,7.1055282627933245,0.06518711851751835,0.018658400000276743,"{""control"": ""european_terminal"", ""control_mean"": 7.1280646692617395, ""b_hat"": 1.0019022634582897, ""rho"": 0.9990556023133162, ""pilot_rho"": 0.9991659907544548, ""pilot_paths"": 6554, ""total_paths_simulated"": 72090, ""plain_std_error"": 0.04899688825066523, ""observed_vrf"": 529.6833335286252, ""theoretical_vrf"": 529.6880943416811}"
8c01ece10c6f,2026-09-24T16:13:32,aritra,barrier_bias,paper_barrier,call,exact,control_variate,{},65536,12,9,2144040408,JARVIS_AMD64,7.045258116647604,0.0020568238424572187,7.041226815993845,7.049289417301363,7.1055282627933245,0.06027014614572046,0.018688099999963015,"{""control"": ""european_terminal"", ""control_mean"": 7.1280646692617395, ""b_hat"": 1.002122395397326, ""rho"": 0.9991192661626244, ""pilot_rho"": 0.9989281064262501, ""pilot_paths"": 6554, ""total_paths_simulated"": 72090, ""plain_std_error"": 0.04901754592273404, ""observed_vrf"": 567.9484685982876, ""theoretical_vrf"": 567.9585128171227}"
fa19caed7df2,2026-09-24T16:13:32,aritra,barrier_bias,paper_barrier,call,exact,control_variate,{},65536,12,10,363090268,JARVIS_AMD64,7.0427056941034,0.0020810391948648177,7.038626932231049,7.046784455975752,7.1055282627933245,0.0628225686899242,0.020338700000138488,"{""control"": ""european_terminal"", ""control_mean"": 7.1280646692617395, ""b_hat"": 1.002000885699591, ""rho"": 0.999090823067096, ""pilot_rho"": 0.999040974454055, ""pilot_paths"": 6554, ""total_paths_simulated"": 72090, ""plain_std_error"": 0.04881348104997115, ""observed_vrf"": 550.1980408772414, ""theoretical_vrf"": 550.1980742161448}"
76b633dedc8a,2026-09-24T16:13:32,aritra,barrier_bias,paper_barrier,call,exact,control_variate,{},65536,12,11,3107294426,JARVIS_AMD64,7.039177220399987,0.002142701639125554,7.034977602357686,7.0433768384422875,7.1055282627933245,0.06635104239333778,0.019090400000095542,"{""control"": ""european_terminal"", ""control_mean"": 7.1280646692617395, ""b_hat"": 1.0019064507171178, ""rho"": 0.9990453714863632, ""pilot_rho"": 0.9991983816276709, ""pilot_paths"": 6554, ""total_paths_simulated"": 72090, ""plain_std_error"": 0.049049013362094364, ""observed_vrf"": 524.0070716382859, ""theoretical_vrf"": 524.0140682489455}"
4d529043ccbf,2026-09-24T16:13:32,aritra,barrier_bias,paper_barrier,call,exact,control_variate,{},65536,12,12,1820744623,JARVIS_AMD64,7.040599260305184,0.002111588761554423,7.036460622382378,7.04473789822799,7.1055282627933245,0.0649290024881406,0.01985820000027161,"{""control"": ""european_terminal"", ""control_mean"": 7.1280646692617395, ""b_hat"": 1.0019291412260845, ""rho"": 0.999083260845766, ""pilot_rho"": 0.9990490683999935, ""pilot_paths"": 6554, ""total_paths_simulated"": 72090, ""plain_std_error"": 0.04932520255549141, ""observed_vrf"": 545.6561707443265, ""theoretical_vrf"": 545.6615304121879}"
1373bc912553,2026-09-24T16:13:32,aritra,barrier_bias,paper_barrier,call,exact,control_variate,{},65536,12,13,105672781,JARVIS_AMD64,7.043954254402124,0.002077840097843346,7.039881762644717,7.04802674615953,7.1055282627933245,0.06157400839120086,0.018746799999462382,"{""control"": ""european_terminal"", ""control_mean"": 7.1280646692617395, ""b_hat"": 1.001911973229151, ""rho"": 0.9990916863596819, ""pilot_rho"": 0.9992207191495261, ""pilot_paths"": 6554, ""total_paths_simulated"": 72090, ""plain_std_error"": 0.04876153109552974, ""observed_vrf"": 550.719458715375, ""theoretical_vrf"": 550.7207636020647}"
5c0933e99c31,2026-09-24T16:13:32,aritra,barrier_bias,paper_barrier,call,exact,control_variate,{},65536,12,14,2913298239,JARVIS_AMD64,7.042285393933255,0.0020899914343852064,7.038189085993863,7.0463817018726465,7.1055282627933245,0.06324286886006991,0.01998950000051991,"{""control"": ""european_terminal"", ""control_mean"": 7.1280646692617395, ""b_hat"": 1.0021140176467682, ""rho"": 0.9991042112500754, ""pilot_rho"": 0.9989432662551326, ""pilot_paths"": 6554, ""total_paths_simulated"": 72090, ""plain_std_error"": 0.04938812743496294, ""observed_vrf"": 558.4137554286641, ""theoretical_vrf"": 558.417425513797}"
3ff484e69489,2026-09-24T16:13:32,aritra,barrier_bias,paper_barrier,call,exact,control_variate,{},65536,12,15,1173251312,JARVIS_AMD64,7.04249799329646,0.0020888303120206084,7.038403961115084,7.046592025477836,7.1055282627933245,0.0630302694968643,0.019197800000256393,"{""control"": ""european_terminal"", ""control_mean"": 7.1280646692617395, ""b_hat"": 1.0020424726076869, ""rho"": 0.9991002200153989, ""pilot_rho"": 0.9990597633988204, ""pilot_paths"": 6554, ""total_paths_simulated"": 72090, ""plain_std_error"": 0.049251279428629766, ""observed_vrf"": 555.9410097647977, ""theoretical_vrf"": 555.9415132622308}"
1244cbc1a148,2026-09-24T16:13:32,aritra,barrier_bias,paper_barrier,call,exact,control_variate,{},65536,12,16,146699553,JARVIS_AMD64,7.044342605351683,0.0020710367434390595,7.040283447923883,7.048401762779482,7.1055282627933245,0.06118565744164162,0.019087600000602833,"{""control"": ""european_terminal"", ""control_mean"": 7.1280646692617395, ""b_hat"": 1.0019807412675954, ""rho"": 0.9991066075896224, ""pilot_rho"": 0.9991023665820746, ""pilot_paths"": 6554, ""total_paths_simulated"": 72090, ""plain_std_error"": 0.049005936165432445, ""observed_vrf"": 559.9145740397055, ""theoretical_vrf"": 559.9145930784395}"
558c38c53d61,2026-09-24T16:13:32,aritra,barrier_bias,paper_barrier,call,exact,control_variate,{},65536,12,17,2462845458,JARVIS_AMD64,7.043362995035138,0.002075936681809987,7.039294233904605,7.047431756165671,7.1055282627933245,0.06216526775818654,0.018371400000432914,"{""control"": ""european_terminal"", ""control_mean"": 7.1280646692617395, ""b_hat"": 1.0019742591578857, ""rho"": 0.9990952960040247, ""pilot_rho"": 0.9991554019792896, ""pilot_paths"": 6554, ""total_paths_simulated"": 72090, ""plain_std_error"": 0.048813954561721926, ""observed_vrf"": 552.9167914926237, ""theoretical_vrf"": 552.9170652299283}"
32714ecc0371,2026-09-24T16:13:32,aritra,barrier_bias,paper_barrier,call,exact,control_variate,{},65536,12,18,3361637124,JARVIS_AMD64,7.044368483513263,0.002072622773105602,7.040306217524439,7.048430749502087,7.1055282627933245,0.06115977928006178,0.018555599999672268,"{""control"": ""european_terminal"", ""control_mean"": 7.1280646692617395, ""b_hat"": 1.0020761659780215, ""rho"": 0.9991207377076775, ""pilot_rho"": 0.9991070867893076, ""pilot_paths"": 6554, ""total_paths_simulated"": 72090, ""plain_std_error"": 0.049435517202188806, ""observed_vrf"": 568.9022258557928, ""theoretical_vrf"": 568.9086369575531}"
e84437284cc1,2026-09-24T16:13:32,aritra,barrier_bias,paper_barrier,call,exact,control_variate,{},65536,12,19,1948274167,JARVIS_AMD64,7.042161892362747,0.0020962357390060396,7.03805334581119,7.046270438914305,7.1055282627933245,0.06336637043057713,0.018387199999779114,"{""control"": ""european_terminal"", ""control_mean"": 7.1280646692617395, ""b_hat"": 1.0016289252009825, ""rho"": 0.999087419778417, ""pilot_rho"": 0.9993064215147054, ""pilot_paths"": 6554, ""total_paths_simulated"": 72090, ""plain_std_error"": 0.04907604516762398, ""observed_vrf"": 548.0988273182595, ""theoretical_vrf"": 548.1471517490497}"
d651106f90d4,2026-09-24T16:13:32,aritra,barrier_bias,paper_barrier,call,exact,control_variate,{},65536,52,0,1120875587,JARVIS_AMD64,7.078747515733453,0.0015471435280696715,7.075715170139523,7.081779861327384,7.1055282627933245,0.026780747059871324,0.07138670000040293,"{""control"": ""european_terminal"", ""control_mean"": 7.1280646692617395, ""b_hat"": 1.0012918111939781, ""rho"": 0.9995060710877295, ""pilot_rho"": 0.9994734138867896, ""pilot_paths"": 6554, ""total_paths_simulated"": 72090, ""plain_std_error"": 0.04923066658425203, ""observed_vrf"": 1012.5354153976808, ""theoretical_vrf"": 1012.5414817940624}"
491c00daa99d,2026-09-24T16:13:32,aritra,barrier_bias,paper_barrier,call,exact,control_variate,{},65536,52,1,1109384810,JARVIS_AMD64,7.076517553652518,0.0015925298073795635,7.073396252585747,7.079638854719288,7.1055282627933245,0.029010709140806945,0.07192450000002282,"{""control"": ""european_terminal"", ""control_mean"": 7.1280646692617395, ""b_hat"": 1.0013604310406792, ""rho"": 0.9994778611179534, ""pilot_rho"": 0.9994519541414579, ""pilot_paths"": 6554, ""total_paths_simulated"": 72090, ""plain_std_error"": 0.049287243769436447, ""observed_vrf"": 957.8421075462504, ""theoretical_vrf"": 957.849694793361}"
2d41a847ecb4,2026-09-24T16:13:32,aritra,barrier_bias,paper_barrier,call,exact,control_variate,{},65536,52,2,315997598,JARVIS_AMD64,7.077388679519417,0.0015742264891175145,7.074303252297238,7.080474106741596,7.1055282627933245,0.028139583273907753,0.07140810000055353,"{""control"": ""european_terminal"", ""control_mean"": 7.1280646692617395, ""b_hat"": 1.0013660865587652, ""rho"": 0.9994769860853179, ""pilot_rho"": 0.9993885129783401, ""pilot_paths"": 6554, ""total_paths_simulated"": 72090, ""plain_std_error"": 0.048679935558482906, ""observed_vrf"": 956.2370298017086, ""theoretical_vrf"": 956.247575142453}"
8844e0316e50,2026-09-24T16:13:32,aritra,barrier_bias,paper_barrier,call,exact,control_variate,{},65536,52,3,777989788,JARVIS_AMD64,7.08013267859786,0.0015147650373128398,7.077163793679687,7.083101563516034,7.1055282627933245,0.02539558419546406,0.07141310000042722,"{""control"": ""european_terminal"", ""control_mean"": 7.1280646692617395, ""b_hat"": 1.0014378494789196, ""rho"": 0.9995285943420825, ""pilot_rho"": 0.9993702113940401, ""pilot_paths"": 6554, ""total_paths_simulated"": 72090, ""plain_std_error"": 0.04933685288495617, ""observed_vrf"": 1060.8459952636856, ""theoretical_vrf"": 1060.9076721910926}"
a5282344eeb2,2026-09-24T16:13:32,aritra,barrier_bias,paper_barrier,call,exact,control_variate,{},65536,52,4,1386810175,JARVIS_AMD64,7.081288480584277,0.0015026478572684463,7.078343344902585,7.084233616265969,7.1055282627933245,0.024239782209047434,0.0733472999991136,"{""control"": ""european_terminal"", ""control_mean"": 7.1280646692617395, ""b_hat"": 1.0011628053098758, ""rho"": 0.9995207273955888, ""pilot_rho"": 0.9995905314544415, ""pilot_paths"": 6554, ""total_paths_simulated"": 72090, ""plain_std_error"": 0.04854035614949064, ""observed_vrf"": 1043.4976712543782, ""theoretical_vrf"": 1043.4976718212777}"
03d80a094f20,2026-09-24T16:13:32,aritra,barrier_bias,paper_barrier,call,exact,control_variate,{},65536,52,5,1458904899,JARVIS_AMD64,7.0785471735017325,0.0015632724807972847,7.075483215741347,7.081611131262118,7.1055282627933245,0.026981089291592042,0.0732852000001003,"{""control"": ""european_terminal"", ""control_mean"": 7.1280646692617395, ""b_hat"": 1.0012931343395624, ""rho"": 0.9994935741610467, ""pilot_rho"": 0.9995214270996707, ""pilot_paths"": 6554, ""total_paths_simulated"": 72090, ""plain_std_error"": 0.049126419912652305, ""observed_vrf"": 987.5540321240866, ""theoretical_vrf"": 987.5614553157038}"
44d13cbfc8db,2026-09-24T16:13:32,aritra,barrier_bias,paper_barrier,call,exact,control_variate,{},65536,52,6,1574580891,JARVIS_AMD64,7.077167249382906,0.0015750702334064051,7.074080168452308,7.080254330313504,7.1055282627933245,0.028361013410418856,0.07350990000031743,"{""control"": ""european_terminal"", ""control_mean"": 7.1280646692617395, ""b_hat"": 1.0011997591441666, ""rho"": 0.999492042518236, ""pilot_rho"": 0.9995520984065123, ""pilot_paths"": 6554, ""total_paths_simulated"": 72090, ""plain_std_error"": 0.04942262406235574, ""observed_vrf"": 984.5816841307137, ""theoretical_vrf"": 984.5844181572184}"
f9efd52be206,2026-09-24T16:13:32,aritra,barrier_bias,paper_barrier,call,exact,control_variate,{},65536,52,7,2887912068,JARVIS_AMD64,7.078408580224634,0.001568536853416746,7.075334304483514,7.0814828559657546,7.1055282627933245,0.02711968256869035,0.07316770000034012,"{""control"": ""european_terminal"", ""control_mean"": 7.1280646692617395, ""b_hat"": 1.0012276260525723, ""rho"": 0.9994907764388765, ""pilot_rho"": 0.9995107422820138, ""pilot_paths"": 6554, ""total_paths_simulated"": 72090, ""plain_std_error"": 0.049156470083671376, ""observed_vrf"": 982.1366625922079, ""theoretical_vrf"": 982.1370739576806}"
0a31ed634bf7,2026-09-24T16:13:32,aritra,barrier_bias,paper_barrier,call,exact,control_variate,{},65536,52,8,568052132,JARVIS_AMD64,7.079139050004572,0.0015351667341417807,7.07613017849539,7.082147921513753,7.1055282627933245,0.026389212788752836,0.07321659999979602,"{""control"": ""european_terminal"", ""control_mean"": 7.1280646692617395, ""b_hat"": 1.001518422071151, ""rho"": 0.9995087434328145, ""pilot_rho"": 0.9994296921577939, ""pilot_paths"": 6554, ""total_paths_simulated"": 72090, ""plain_std_error"": 0.04898026439437908, ""observed_vrf"": 1017.9610199588769, ""theoretical_vrf"": 1018.0481600095658}"
e8f46e2857d6,2026-09-24T16:13:32,aritra,barrier_bias,paper_barrier,call,exact,control_variate,{},65536,52,9,2144040408,JARVIS_AMD64,7.079845772130208,0.001531764327991231,7.076843569214542,7.082847975045874,7.1055282627933245,0.02568249066311612,0.07321110000066255,"{""control"": ""european_terminal"", ""control_mean"": 7.1280646692617395, ""b_hat"": 1.001299384262862, ""rho"": 0.9995162462217911, ""pilot_rho"": 0.9994315318994232, ""pilot_paths"": 6554, ""total_paths_simulated"": 72090, ""plain_std_error"": 0.04925089425293199, ""observed_vrf"": 1033.8185918428032, ""theoretical_vrf"": 1033.8337192023782}"
9144a871bb65,2026-09-24T16:13:33,aritra,barrier_bias,paper_barrier,call,exact,control_variate,{},65536,52,10,363090268,JARVIS_AMD64,7.076358272281577,0.0015863589907566926,7.073249065793142,7.079467478770011,7.1055282627933245,0.029169990511747734,0.07128720000036992,"{""control"": ""european_terminal"", ""control_mean"": 7.1280646692617395, ""b_hat"": 1.0008971433185987, ""rho"": 0.9994806061545478, ""pilot_rho"": 0.9995994561581083, ""pilot_paths"": 6554, ""total_paths_simulated"": 72090, ""plain_std_error"": 0.04922273050957025, ""observed_vrf"": 962.7830908728226, ""theoretical_vrf"": 962.9106824628522}"
b225d9ba53ba,2026-09-24T16:13:33,aritra,barrier_bias,paper_barrier,call,exact,control_variate,{},65536,52,11,3107294426,JARVIS_AMD64,7.078172789245648,0.0015655583557819366,7.0751043512526195,7.081241227238676,7.1055282627933245,0.027355473547676645,0.07184219999999186,"{""control"": ""european_terminal"", ""control_mean"": 7.1280646692617395, ""b_hat"": 1.0010904446743092, ""rho"": 0.9994882122619698, ""pilot_rho"": 0.9995665572172493, ""pilot_paths"": 6554, ""total_paths_simulated"": 72090, ""plain_std_error"": 0.048939677557366446, ""observed_vrf"": 977.2005131311323, ""theoretical_vrf"": 977.2175894808673}"
12fb65ac16ea,2026-09-24T16:13:33,aritra,barrier_bias,paper_barrier,call,exact,control_variate,{},65536,52,12,1820744623,JARVIS_AMD64,7.079204321237922,0.0015488901999680426,7.076168552229978,7.082240090245866,7.1055282627933245,0.026323941555402186,0.07215670000005048,"{""control"": ""european_terminal"", ""control_mean"": 7.1280646692617395, ""b_hat"": 1.0014659295347916, ""rho"": 0.9995069457019762, ""pilot_rho"": 0.9993651184346651, ""pilot_paths"": 6554, ""total_paths_simulated"": 72090, ""plain_std_error"": 0.04932829945690676, ""observed_vrf"": 1014.2640299144624, ""theoretical_vrf"": 1014.3371551050485}"
834dba9503f9,2026-09-24T16:13:33,aritra,barrier_bias,paper_barrier,call,exact,control_variate,{},65536,52,13,105672781,JARVIS_AMD64,7.079168578529647,0.0015317040161414923,7.076166493823035,7.08217066323626,7.1055282627933245,0.026359684263677075,0.07208239999999932,"{""control"": ""european_terminal"", ""control_mean"": 7.1280646692617395, ""b_hat"": 1.0011042954413294, ""rho"": 0.9995102287461717, ""pilot_rho"": 0.9994953412837884, ""pilot_paths"": 6554, ""total_paths_simulated"": 72090, ""plain_std_error"": 0.04894553653237618, ""observed_vrf"": 1021.1193002313263, ""theoretical_vrf"": 1021.1348030249666}"
901d48903df3,2026-09-24T16:13:33,aritra,barrier_bias,paper_barrier,call,exact,control_variate,{},65536,52,14,2913298239,JARVIS_AMD64,7.07814100422734,0.0015682624987847387,7.075067266211417,7.0812147422432625,7.1055282627933245,0.027387258565984673,0.07266200000049139,"{""control"": ""european_terminal"", ""control_mean"": 7.1280646692617395, ""b_hat"": 1.0013404723917365, ""rho"": 0.9994770116129965, ""pilot_rho"": 0.9994446934466183, ""pilot_paths"": 6554, ""total_paths_simulated"": 72090, ""plain_std_error"": 0.04849663383230665, ""observed_vrf"": 956.2813264769925, ""theoretical_vrf"": 956.2942385027904}"
90a2504cf8a2,2026-09-24T16:13:33,aritra,barrier_bias,paper_barrier,call,exact,control_variate,{},65536,52,15,1173251312,JARVIS_AMD64,7.078180961434603,0.0015649847199795547,7.075113647747087,7.081248275122118,7.1055282627933245,0.027347301358721765,0.07206379999934143,"{""control"": ""european_terminal"", ""control_mean"": 7.1280646692617395, ""b_hat"": 1.0010219271905212, ""rho"": 0.9994959489622381, ""pilot_rho"": 0.9995765571117806, ""pilot_paths"": 6554, ""total_paths_simulated"": 72090, ""plain_std_error"": 0.049295019885622, ""observed_vrf"": 992.1695382224636, ""theoretical_vrf"": 992.2131035511364}"
21e5cc33e7fc,2026-09-24T16:13:33,aritra,barrier_bias,paper_barrier,call,exact,control_variate,{},65536,52,16,146699553,JARVIS_AMD64,7.076399193227801,0.0015828782106660742,7.073296808942983,7.0795015775126195,7.1055282627933245,0.029129069565523302,0.07151909999993222,"{""control"": ""european_terminal"", ""control_mean"": 7.1280646692617395, ""b_hat"": 1.001010604168142, ""rho"": 0.9994787977815969, ""pilot_rho"": 0.9995936209696037, ""pilot_paths"": 6554, ""total_paths_simulated"": 72090, ""plain_std_error"": 0.049030942882028916, ""observed_vrf"": 959.5011251257026, ""theoretical_vrf"": 959.5706174317772}"
b397e10b70e8,2026-09-24T16:13:33,aritra,barrier_bias,paper_barrier,call,exact,control_variate,{},65536,52,17,2462845458,JARVIS_AMD64,7.08029181610607,0.0015101791621582917,7.077331919338037,7.083251712874103,7.1055282627933245,0.025236446687254777,0.07636009999987436,"{""control"": ""european_terminal"", ""control_mean"": 7.1280646692617395, ""b_hat"": 1.001433113143394, ""rho"": 0.9995146833550027, ""pilot_rho"": 0.9994123731439584, ""pilot_paths"": 6554, ""total_paths_simulated"": 72090, ""plain_std_error"": 0.048477747365712684, ""observed_vrf"": 1030.4523529727705, ""theoretical_vrf"": 1030.5052665414485}"
087bc9742f41,2026-09-24T16:13:33,aritra,barrier_bias,paper_barrier,call,exact,control_variate,{},65536,52,18,3361637124,JARVIS_AMD64,7.076465720911039,0.0016033949882196398,7.073323124481137,7.079608317340941,7.1055282627933245,0.02906254188228541,0.07168329999967682,"{""control"": ""european_terminal"", ""control_mean"": 7.1280646692617395, ""b_hat"": 1.0012928610217209, ""rho"": 0.9994617916951741, ""pilot_rho"": 0.9994645538956858, ""pilot_paths"": 6554, ""total_paths_simulated"": 72090, ""plain_std_error"": 0.04887745145437771, ""observed_vrf"": 929.257473415502, ""theoretical_vrf"": 929.2584001583958}"
e5d938cccb71,2026-09-24T16:13:33,aritra,barrier_bias,paper_barrier,call,exact,control_variate,{},65536,52,19,1948274167,JARVIS_AMD64,7.077898207588963,0.001556943211900828,7.074846654967663,7.080949760210263,7.1055282627933245,0.027630055204361348,0.07164709999960905,"{""control"": ""european_terminal"", ""control_mean"": 7.1280646692617395, ""b_hat"": 1.0012192210785993, ""rho"": 0.9995016841042275, ""pilot_rho"": 0.9994898146973663, ""pilot_paths"": 6554, ""total_paths_simulated"": 72090, ""plain_std_error"": 0.04932411386965894, ""observed_vrf"": 1003.6286229715896, ""theoretical_vrf"": 1003.6296539290576}"
520a07e6e92c,2026-09-24T16:13:34,aritra,barrier_bias,paper_barrier,call,exact,control_variate,{},65536,252,0,1120875587,JARVIS_AMD64,7.092378119102439,0.0012887493644651435,7.0898522167629885,7.09490402144189,7.1055282627933245,0.013150143690885407,0.5780397999997149,"{""control"": ""european_terminal"", ""control_mean"": 7.1280646692617395, ""b_hat"": 1.0008735243272033, ""rho"": 0.9996509749632494, ""pilot_rho"": 0.9996912017359585, ""pilot_paths"": 6554, ""total_paths_simulated"": 72090, ""plain_std_error"": 0.048782316673137094, ""observed_vrf"": 1432.8077238233777, ""theoretical_vrf"": 1432.812030176822}"
6c1b329b22a5,2026-09-24T16:13:35,aritra,barrier_bias,paper_barrier,call,exact,control_variate,{},65536,252,1,1109384810,JARVIS_AMD64,7.093086815715617,0.0012677966026905486,7.090601980034622,7.095571651396613,7.1055282627933245,0.012441447077707224,1.6327901999993628,"{""control"": ""european_terminal"", ""control_mean"": 7.1280646692617395, ""b_hat"": 1.0009552641346342, ""rho"": 0.9996609404473039, ""pilot_rho"": 0.9996101191880109, ""pilot_paths"": 6554, ""total_paths_simulated"": 72090, ""plain_std_error"": 0.048689222502082075, ""observed_vrf"": 1474.9133674635561, ""theoretical_vrf"": 1474.9172388281095}"
e90c56093391,2026-09-24T16:13:37,aritra,barrier_bias,paper_barrier,call,exact,control_variate,{},65536,252,2,315997598,JARVIS_AMD64,7.0933647156321635,0.0012591186212574754,7.090896888482235,7.095832542782092,7.1055282627933245,0.01216354716116097,1.8964218000000983,"{""control"": ""european_terminal"", ""control_mean"": 7.1280646692617395, ""b_hat"": 1.0009450729187446, ""rho"": 0.9996677644038772, ""pilot_rho"": 0.999605478916343, ""pilot_paths"": 6554, ""total_paths_simulated"": 72090, ""plain_std_error"": 0.04884994009620733, ""observed_vrf"": 1505.2019675757074, ""theoretical_vrf"": 1505.2061805983485}"
ea61b3660c28,2026-09-24T16:13:39,aritra,barrier_bias,paper_barrier,call,exact,control_variate,{},65536,252,3,777989788,JARVIS_AMD64,7.093005908713409,0.0012735707352165963,7.09050975594062,7.095502061486198,7.1055282627933245,0.01252235407991531,1.6916220000002795,"{""control"": ""european_terminal"", ""control_mean"": 7.1280646692617395, ""b_hat"": 1.000937554697082, ""rho"": 0.9996598337675714, ""pilot_rho"": 0.9997195041382463, ""pilot_paths"": 6554, ""total_paths_simulated"": 72090, ""plain_std_error"": 0.04883138204502383, ""observed_vrf"": 1470.1169670847287, ""theoretical_vrf"": 1470.1196307886241}"
bde6bc4e3e78,2026-09-24T16:13:41,aritra,barrier_bias,paper_barrier,call,exact,control_variate,{},65536,252,4,1386810175,JARVIS_AMD64,7.0954613958219,0.0012257903353893695,7.09305889091194,7.09786390073186,7.1055282627933245,0.01006686697142456,1.7740251000004719,"{""control"": ""european_terminal"", ""control_mean"": 7.1280646692617395, ""b_hat"": 1.000906799895678, ""rho"": 0.9996835850689655, ""pilot_rho"": 0.9996851531860068, ""pilot_paths"": 6554, ""total_paths_simulated"": 72090, ""plain_std_error"": 0.048731061701951156, ""observed_vrf"": 1580.444906376944, ""theoretical_vrf"": 1580.4535981109482}"
c7412c6c2623,2026-09-24T16:13:42,aritra,barrier_bias,paper_barrier,call,exact,control_variate,{},65536,252,5,1458904899,JARVIS_AMD64,7.091731384575989,0.001294984795471057,7.089193261016339,7.094269508135639,7.1055282627933245,0.01379687821733544,1.2938437000002523,"{""control"": ""european_terminal"", ""control_mean"": 7.1280646692617395, ""b_hat"": 1.0008840948310975, ""rho"": 0.9996441118193983, ""pilot_rho"": 0.9996992274746186, ""pilot_paths"": 6554, ""total_paths_simulated"": 72090, ""plain_std_error"": 0.04854345080971187, ""observed_vrf"": 1405.1799775186018, ""theoretical_vrf"": 1405.1857160146242}"
012dd8c11938,2026-09-24T16:13:44,aritra,barrier_bias,paper_barrier,call,exact,control_variate,{},65536,252,6,1574580891,JARVIS_AMD64,7.09242832807848,0.001291892897628548,7.089896264527245,7.094960391629715,7.1055282627933245,0.013099934714844608,1.687100900000587,"{""control"": ""european_terminal"", ""control_mean"": 7.1280646692617395, ""b_hat"": 1.0010124677848455, ""rho"": 0.9996526630021745, ""pilot_rho"": 0.9995958136494768, ""pilot_paths"": 6554, ""total_paths_simulated"": 72090, ""plain_std_error"": 0.04901970354549445, ""observed_vrf"": 1439.7541519938611, ""theoretical_vrf"": 1439.774203333356}"
fa9c2765d73e,2026-09-24T16:13:45,aritra,barrier_bias,paper_barrier,call,exact,control_variate,{},65536,252,7,2887912068,JARVIS_AMD64,7.094525104887522,0.0012398686038127406,7.092095007078487,7.096955202696557,7.1055282627933245,0.011003157905802752,1.4938123000001724,"{""control"": ""european_terminal"", ""control_mean"": 7.1280646692617395, ""b_hat"": 1.000980018372652, ""rho"": 0.9996792548661346, ""pilot_rho"": 0.9996241009523863, ""pilot_paths"": 6554, ""total_paths_simulated"": 72090, ""plain_std_error"": 0.048956632681340054, ""observed_vrf"": 1559.0920306152773, ""theoretical_vrf"": 1559.1201435190208}"
ef5283050086,2026-09-24T16:13:47,aritra,barrier_bias,paper_barrier,call,exact,control_variate,{},65536,252,8,568052132,JARVIS_AMD64,7.093744707354612,0.0012568411405402685,7.091281343984865,7.0962080707243596,7.1055282627933245,0.011783555438712234,1.63239700000031,"{""control"": ""european_terminal"", ""control_mean"": 7.1280646692617395, ""b_hat"": 1.0009102845115778, ""rho"": 0.999671755585842, ""pilot_rho"": 0.9996507174312572, ""pilot_paths"": 6554, ""total_paths_simulated"": 72090, ""plain_std_error"": 0.04905713021125989, ""observed_vrf"": 1523.5036583413425, ""theoretical_vrf"": 1523.505208326384}"
eb2073eaa985,2026-09-24T16:13:48,aritra,barrier_bias,paper_barrier,call,exact,control_variate,{},65536,252,9,2144040408,JARVIS_AMD64,7.094312052132262,0.0012411009236589243,7.09187953902071,7.096744565243813,7.1055282627933245,0.01121621066106293,1.4347845000002053,"{""control"": ""european_terminal"", ""control_mean"": 7.1280646692617395, ""b_hat"": 1.0009956490876, ""rho"": 0.9996778052252345, ""pilot_rho"": 0.99961401202701, ""pilot_paths"": 6554, ""total_paths_simulated"": 72090, ""plain_std_error"": 0.04889486828654684, ""observed_vrf"": 1552.0737844790206, ""theoretical_vrf"": 1552.1063680688017}"
4cd68fc12114,2026-09-24T16:13:50,aritra,barrier_bias,paper_barrier,call,exact,control_variate,{},65536,252,10,363090268,JARVIS_AMD64,7.094316242182793,0.001247012793863844,7.091872142018559,7.096760342347027,7.1055282627933245,0.011212020610531503,1.8427412999999433,"{""control"": ""european_terminal"", ""control_mean"": 7.1280646692617395, ""b_hat"": 1.0007907110635816, ""rho"": 0.9996716676219624, ""pilot_rho"": 0.9997243123001894, ""pilot_paths"": 6554, ""total_paths_simulated"": 72090, ""plain_std_error"": 0.048666753731719706, ""observed_vrf"": 1523.0807797451857, ""theoretical_vrf"": 1523.0971114113704}"
745107d34e18,2026-09-24T16:13:52,aritra,barrier_bias,paper_barrier,call,exact,control_variate,{},65536,252,11,3107294426,JARVIS_AMD64,7.092749164448375,0.0012808745550224232,7.090238696451817,7.095259632444933,7.1055282627933245,0.012779098344949169,1.5965911000002961,"{""control"": ""european_terminal"", ""control_mean"": 7.1280646692617395, ""b_hat"": 1.0009582891315894, ""rho"": 0.9996527376907351, ""pilot_rho"": 0.999656681202076, ""pilot_paths"": 6554, ""total_paths_simulated"": 72090, ""plain_std_error"": 0.04860713279932319, ""observed_vrf"": 1440.0806380361446, ""theoretical_vrf"": 1440.0838136234681}"
bac133177f4f,2026-09-24T16:13:54,aritra,barrier_bias,paper_barrier,call,exact,control_variate,{},65536,252,12,1820744623,JARVIS_AMD64,7.093469480541094,0.0012732796455018171,7.0909738982936625,7.095965062788525,7.1055282627933245,0.012058782252230671,1.7773543000002974,"{""control"": ""european_terminal"", ""control_mean"": 7.1280646692617395, ""b_hat"": 1.0008204266651857, ""rho"": 0.9996623559169018, ""pilot_rho"": 0.9996731900345011, ""pilot_paths"": 6554, ""total_paths_simulated"": 72090, ""plain_std_error"": 0.04900205842605497, ""observed_vrf"": 1481.088652192399, ""theoretical_vrf"": 1481.0993300544208}"
a61e6dc84a2f,2026-09-24T16:13:55,aritra,barrier_bias,paper_barrier,call,exact,control_variate,{},65536,252,13,105672781,JARVIS_AMD64,7.094899359781038,0.0012336910625311893,7.092481369730428,7.0973173498316475,7.1055282627933245,0.010628903012286806,1.6984311000005619,"{""control"": ""european_terminal"", ""control_mean"": 7.1280646692617395, ""b_hat"": 1.0008427510047693, ""rho"": 0.9996734330493708, ""pilot_rho"": 0.9996689376395649, ""pilot_paths"": 6554, ""total_paths_simulated"": 72090, ""plain_std_error"": 0.048277021463402736, ""observed_vrf"": 1531.3275584999997, ""theoretical_vrf"": 1531.3296526398494}"
f4754c2c3004,2026-09-24T16:13:57,aritra,barrier_bias,paper_barrier,call,exact,control_variate,{},65536,252,14,2913298239,JARVIS_AMD64,7.092692593019531,0.0012690767932482334,7.090205248211149,7.095179937827913,7.1055282627933245,0.01283566977379369,1.6584799000002022,"{""control"": ""european_terminal"", ""control_mean"": 7.1280646692617395, ""b_hat"": 1.0008118258906624, ""rho"": 0.9996659104428509, ""pilot_rho"": 0.9997235756380722, ""pilot_paths"": 6554, ""total_paths_simulated"": 72090, ""plain_std_error"": 0.0490990505633584, ""observed_vrf"": 1496.8227774671766, ""theoretical_vrf"": 1496.8547374274015}"
92e2378f577a,2026-09-24T16:13:58,aritra,barrier_bias,paper_barrier,call,exact,control_variate,{},65536,252,15,1173251312,JARVIS_AMD64,7.093272897132892,0.0012539243352111876,7.09081525059654,7.095730543669244,7.1055282627933245,0.012255365660432282,1.2637456000002203,"{""control"": ""european_terminal"", ""control_mean"": 7.1280646692617395, ""b_hat"": 1.0009311894596686, ""rho"": 0.9996736909036988, ""pilot_rho"": 0.99961061728587, ""pilot_paths"": 6554, ""total_paths_simulated"": 72090, ""plain_std_error"": 0.04908820258489686, ""observed_vrf"": 1532.539223802928, ""theoretical_vrf"": 1532.539534614918}"
f468131d12a7,2026-09-24T16:14:00,aritra,barrier_bias,paper_barrier,call,exact,control_variate,{},65536,252,16,146699553,JARVIS_AMD64,7.093625097851776,0.0012465483074897248,7.091181908064106,7.096068287639445,7.1055282627933245,0.011903164941548638,1.5898675999997067,"{""control"": ""european_terminal"", ""control_mean"": 7.1280646692617395, ""b_hat"": 1.0009658210781591, ""rho"": 0.9996769725038657, ""pilot_rho"": 0.9996567525079875, ""pilot_paths"": 6554, ""total_paths_simulated"": 72090, ""plain_std_error"": 0.04904656370612883, ""observed_vrf"": 1548.0997618696376, ""theoretical_vrf"": 1548.1058916158154}"
7712d35efd3b,2026-09-24T16:14:01,aritra,barrier_bias,paper_barrier,call,exact,control_variate,{},65536,252,17,2462845458,JARVIS_AMD64,7.0947935978955385,0.0012366281153170804,7.0923698513272475,7.09721734446383,7.1055282627933245,0.010734664897785962,1.3655050999996092,"{""control"": ""european_terminal"", ""control_mean"": 7.1280646692617395, ""b_hat"": 1.0009092543331393, ""rho"": 0.9996793363789317, ""pilot_rho"": 0.9996519959919584, ""pilot_paths"": 6554, ""total_paths_simulated"": 72090, ""plain_std_error"": 0.048835276030794676, ""observed_vrf"": 1559.5132224548584, ""theoretical_vrf"": 1559.5164087974708}"
8a2da262708f,2026-09-24T16:14:03,aritra,barrier_bias,paper_barrier,call,exact,control_variate,{},65536,252,18,3361637124,JARVIS_AMD64,7.094672403669157,0.0012381027372544526,7.092245766894978,7.097099040443336,7.1055282627933245,0.010855859124167644,1.5601586000002499,"{""control"": ""european_terminal"", ""control_mean"": 7.1280646692617395, ""b_hat"": 1.0008834233241246, ""rho"": 0.9996784418264713, ""pilot_rho"": 0.9996869666543285, ""pilot_paths"": 6554, ""total_paths_simulated"": 72090, ""plain_std_error"": 0.04882549615952645, ""observed_vrf"": 1555.1774950582355, ""theoretical_vrf"": 1555.1786383862477}"
c277759f94ed,2026-09-24T16:14:04,aritra,barrier_bias,paper_barrier,call,exact,control_variate,{},65536,252,19,1948274167,JARVIS_AMD64,7.0931316399423325,0.0012730209330109776,7.0906365647620655,7.0956267151226,7.1055282627933245,0.012396622850991967,1.756362199999785,"{""control"": ""european_terminal"", ""control_mean"": 7.1280646692617395, ""b_hat"": 1.000712112495449, ""rho"": 0.9996655442918445, ""pilot_rho"": 0.9997955854885082, ""pilot_paths"": 6554, ""total_paths_simulated"": 72090, ""plain_std_error"": 0.04922372044692823, ""observed_vrf"": 1495.1259561400059, ""theoretical_vrf"": 1495.2163043349829}"
